startingContents,"(1, 1, 1)"
increaseBy,"((3, 3), (1, 1), (1, 1))"
Iterations,100000

probPopping,Threshold,ShareOptimal,ShareOptimal2,Time,NoResolution
0.0,5,0.62086,0.19057,2.6059839729453977,0
0.05,5,0.63715,0.18272,2.8040511563138115,1
0.1,5,0.64428,0.17933,3.1382995121220034,16
0.15,5,0.64025,0.17746,3.7988642198167057,206
0.2,5,0.6308,0.17659,5.217982675825246,1810
0.0,6,0.68099,0.15961,2.783638854064191,0
0.05,6,0.68623,0.15682,3.0295270905770866,0
0.1,6,0.68397,0.15745,3.452501961470414,19
0.15,6,0.67386,0.16148,4.233933302827151,257
0.2,6,0.65468,0.15917,6.041213121304795,2590
0.0,7,0.72661,0.13577,2.912440846904141,0
0.05,7,0.71947,0.14031,3.2511488070116896,1
0.1,7,0.70798,0.14659,3.7525640383233028,21
0.15,7,0.69217,0.15174,4.667529152615049,265
0.2,7,0.66582,0.15148,6.855084178060445,3308
0.0,8,0.71765,0.1408,3.323354672495852,0
0.05,8,0.72573,0.13792,3.6169371147210616,0
0.1,8,0.71592,0.14157,4.133876513293839,22
0.15,8,0.70244,0.14767,5.127839297298684,332
0.2,8,0.67382,0.14294,7.605577903942486,4134
0.0,9,0.74735,0.12585,3.4221475792189295,0
0.05,9,0.74601,0.12584,3.7483384304041487,0
0.1,9,0.73586,0.13331,4.302205273057971,13
0.15,9,0.71397,0.14176,5.389672634910846,351
0.2,9,0.68041,0.13571,8.067983921263812,4695
0.0,10,0.77184,0.11411,3.4955648121281953,0
0.05,10,0.76154,0.12047,3.8955928926973638,3
0.1,10,0.74441,0.12689,4.531399454168583,27
0.15,10,0.71878,0.13799,5.696381435339304,416
0.2,10,0.68524,0.13423,8.51720401300981,5079
0.0,11,0.76985,0.11602,3.7846135213838497,0
0.05,11,0.76982,0.1153,4.140129980048982,1
0.1,11,0.75183,0.12482,4.754792837540352,19
0.15,11,0.72392,0.13692,6.002508040902237,406
0.2,11,0.68692,0.12753,9.055164183941764,5717
0.0,12,0.79014,0.1035,3.841035363322911,0
0.05,12,0.78082,0.10906,4.23771305302039,1
0.1,12,0.75868,0.12091,4.920205670395692,22
0.15,12,0.7314,0.13247,6.174492598684554,401
0.2,12,0.69252,0.12305,9.350709694134741,6014
0.0,13,0.80609,0.09653,3.8872125630657592,0
0.05,13,0.78981,0.10402,4.363940493790219,1
0.1,13,0.768,0.11718,5.0726540752402425,18
0.15,13,0.73244,0.13188,6.440150806960386,436
0.2,13,0.69337,0.12053,9.708511953054554,6433
0.0,14,0.80205,0.09958,4.117158058554302,0
0.05,14,0.7939,0.1018,4.532204023582332,1
0.1,14,0.77169,0.11355,5.219360299881261,27
0.15,14,0.73809,0.12851,6.594988189973163,483
0.2,14,0.69474,0.11768,10.097467120461438,7011
0.0,15,0.81539,0.09313,4.1620476025561794,0
0.05,15,0.80271,0.09853,4.601220400461493,1
0.1,15,0.77489,0.11317,5.351990084553554,28
0.15,15,0.74338,0.12382,6.763633543977857,532
0.2,15,0.69913,0.11447,10.304995611775318,7246
0.0,16,0.82578,0.0869,4.1959818218652725,0
0.05,16,0.81006,0.09422,4.693152074226643,0
0.1,16,0.78079,0.10888,5.45950489993721,23
0.15,16,0.74395,0.12505,6.942829352049217,549
0.2,16,0.7,0.11213,10.565347577347689,7626
0.0,17,0.82682,0.08602,4.3679985025170485,0
0.05,17,0.81281,0.09393,4.814442901670103,1
0.1,17,0.78225,0.10868,5.593480893689844,19
0.15,17,0.74584,0.12427,7.091615602483665,553
0.2,17,0.70028,0.11141,10.80705670236513,7906
0.0,18,0.83604,0.08089,4.40083314882671,0
0.05,18,0.81692,0.09203,4.878945481101496,1
0.1,18,0.78868,0.10503,5.674166337078762,23
0.15,18,0.74768,0.12169,7.247393947956608,627
0.2,18,0.70137,0.10739,11.074093830367262,8482
0.0,19,0.84518,0.07797,4.428910141843484,0
0.05,19,0.82234,0.08858,4.969630155328133,0
0.1,19,0.79104,0.10478,5.7767198460544895,27
0.15,19,0.74667,0.12304,7.408976259330335,617
0.2,19,0.70034,0.10503,11.354404983524237,8938
0.0,20,0.84226,0.07998,4.588895926874293,0
0.05,20,0.82377,0.08949,5.070955772153798,0
0.1,20,0.79222,0.10406,5.877912501932174,24
0.15,20,0.75278,0.12066,7.461635713767025,631
0.2,20,0.70176,0.10245,11.5164730973274,9122
0.0,21,0.85013,0.07531,4.617179410034173,0
0.05,21,0.82805,0.08594,5.119816934627263,1
0.1,21,0.79336,0.10377,5.972009484671509,27
0.15,21,0.75355,0.11846,7.603438261295541,640
0.2,21,0.70329,0.10156,11.661724830594748,9275
0.0,22,0.8573,0.07136,4.635042239406113,0
0.05,22,0.83273,0.08322,5.185108617697157,1
0.1,22,0.7963,0.10103,6.054114816137021,28
0.15,22,0.75313,0.11952,7.747792255267717,759
0.2,22,0.70243,0.09987,11.964603193189657,9938
0.0,23,0.85841,0.07152,4.760701907642557,0
0.05,23,0.83385,0.08348,5.261591364581845,0
0.1,23,0.79816,0.1006,6.144438559423774,28
0.15,23,0.75424,0.12022,7.843551051508165,724
0.2,23,0.69992,0.09768,12.20186686475682,10346
0.0,24,0.86362,0.06853,4.788694668178515,0
0.05,24,0.83827,0.08089,5.3069382205192825,0
0.1,24,0.80161,0.09909,6.196645799549225,23
0.15,24,0.75521,0.11732,7.951023997580928,786
0.2,24,0.70037,0.09585,12.345386688308665,10506
0.0,25,0.86703,0.06625,4.803743956141003,0
0.05,25,0.83989,0.07978,5.38485779679753,2
0.1,25,0.80303,0.09907,6.278669506835886,21
0.15,25,0.75576,0.11905,8.050056973151985,811
0.2,25,0.70313,0.09466,12.472605524270385,10793
0.0,26,0.86739,0.06569,4.918577449898239,0
0.05,26,0.84053,0.07887,5.468499224693445,1
0.1,26,0.80417,0.09737,6.350756777451581,22
0.15,26,0.75378,0.11976,8.168279832192258,833
0.2,26,0.70451,0.0913,12.612301164415706,11181
0.0,27,0.87213,0.06298,4.930719622429545,0
0.05,27,0.84433,0.07733,5.4949269681698505,0
0.1,27,0.80573,0.09655,6.427041451288902,24
0.15,27,0.75631,0.11799,8.230938597888525,840
0.2,27,0.7055,0.09085,12.741168715795382,11420
0.0,28,0.87683,0.06081,4.947218105232256,0
0.05,28,0.84766,0.07701,5.548050143575918,0
0.1,28,0.80687,0.09585,6.493745483465419,20
0.15,28,0.75837,0.11641,8.305446155141937,826
0.2,28,0.70281,0.08965,12.973155877243874,11752
0.0,29,0.87772,0.06075,5.051161384299759,0
0.05,29,0.84936,0.0758,5.600381748157243,1
0.1,29,0.8095,0.09486,6.542103809090546,28
0.15,29,0.75818,0.11755,8.408449652771035,929
0.2,29,0.70414,0.08876,13.093568163859171,12101
0.0,30,0.88054,0.05958,5.07003731586909,0
0.05,30,0.8509,0.075,5.648024070985356,0
0.1,30,0.80719,0.09634,6.623045536590149,27
0.15,30,0.75854,0.11611,8.48626362078656,921
0.2,30,0.70411,0.08492,13.250077414393989,12392
0.0,31,0.88481,0.05798,5.07591995451601,0
0.05,31,0.85163,0.07275,5.697404072609075,0
0.1,31,0.81103,0.09533,6.657901006670007,33
0.15,31,0.75741,0.11821,8.605307192733791,978
0.2,31,0.70558,0.08414,13.344485598198817,12579
0.0,32,0.88496,0.05663,5.172157059464911,0
0.05,32,0.85263,0.07471,5.753396102690718,0
0.1,32,0.81026,0.09483,6.723700924756112,20
0.15,32,0.76075,0.11375,8.618389909345742,1004
0.2,32,0.70616,0.08343,13.411282269610256,12656
0.0,33,0.88732,0.05758,5.174455255657081,0
0.05,33,0.85637,0.07262,5.775599981673913,2
0.1,33,0.81031,0.09416,6.794197729594817,27
0.15,33,0.7597,0.11467,8.69642148948997,958
0.2,33,0.7053,0.08296,13.60060128008894,13097
0.0,34,0.89298,0.05406,5.192950260368371,0
0.05,34,0.8576,0.07084,5.829317936424594,1
0.1,34,0.81185,0.09266,6.829500367516978,29
0.15,34,0.75867,0.11572,8.821417508089185,1100
0.2,34,0.70665,0.07936,13.662465160910712,13224
0.0,35,0.89304,0.05299,5.272487857376165,0
0.05,35,0.85717,0.07147,5.883266508084732,1
0.1,35,0.81141,0.09419,6.900492893919638,28
0.15,35,0.75773,0.11513,8.907618948369777,1107
0.2,35,0.70467,0.07987,13.866153841328433,13659
0.0,36,0.89521,0.05345,5.287524722148448,0
0.05,36,0.86103,0.06863,5.896217744191682,0
0.1,36,0.81203,0.09378,6.958764915867762,25
0.15,36,0.76107,0.11384,8.94484296020112,1124
0.2,36,0.70616,0.07717,13.98792716732211,14034
0.0,37,0.89895,0.05057,5.285290089294395,0
0.05,37,0.85926,0.07115,5.95820068610421,1
0.1,37,0.81405,0.09239,6.987995328912206,25
0.15,37,0.76087,0.11236,9.017356940989991,1169
0.2,37,0.7031,0.07716,14.219632055725258,14438
0.0,38,0.8973,0.05172,5.386512577921938,0
0.05,38,0.8601,0.07006,5.99466212994889,0
0.1,38,0.81515,0.09224,7.029474414987038,32
0.15,38,0.76263,0.11224,9.032806510765253,1135
0.2,38,0.70465,0.07465,14.250829523407658,14551
0.0,39,0.89936,0.0506,5.383290040016915,0
0.05,39,0.86221,0.06816,6.028408880057526,0
0.1,39,0.81429,0.09309,7.076306227044944,38
0.15,39,0.76105,0.11265,9.12204351112985,1176
0.2,39,0.70455,0.07405,14.397467431723708,14880
0.0,40,0.90289,0.04818,5.399385909585425,0
0.05,40,0.86243,0.06895,6.074450554781759,1
0.1,40,0.81513,0.09035,7.1228760902860895,31
0.15,40,0.75896,0.11343,9.234703582613465,1289
0.2,40,0.70594,0.07167,14.444593668889034,15037
0.0,41,0.90168,0.04871,5.47101710709644,0
0.05,41,0.8651,0.06699,6.092002665906789,0
0.1,41,0.81651,0.09217,7.155807649373921,20
0.15,41,0.76303,0.11235,9.201555710961442,1213
0.2,41,0.70473,0.07143,14.565099635634676,15274
0.0,42,0.90469,0.04799,5.468184949727538,0
0.05,42,0.86626,0.06568,6.116503099768216,0
0.1,42,0.81711,0.0926,7.195894878292898,34
0.15,42,0.76354,0.1113,9.27978026706237,1357
0.2,42,0.70642,0.06884,14.631342523081459,15436
0.0,43,0.90805,0.04596,5.477372379331528,0
0.05,43,0.86502,0.06797,6.176695070609003,1
0.1,43,0.81705,0.09067,7.258391436638597,31
0.15,43,0.76055,0.11244,9.410707469633232,1419
0.2,43,0.70716,0.068,14.719909582185656,15665
0.0,44,0.90686,0.04649,5.554714809539707,0
0.05,44,0.8687,0.06527,6.182474570609754,0
0.1,44,0.8188,0.0893,7.274972850569187,29
0.15,44,0.76279,0.11128,9.428054827738649,1467
0.2,44,0.70459,0.06676,14.919009143626408,16094
0.0,45,0.90774,0.04564,5.5638881013941495,0
0.05,45,0.86823,0.06575,6.21407328020798,0
0.1,45,0.81988,0.09012,7.3128835114463415,36
0.15,45,0.76305,0.11243,9.465215315647347,1451
0.2,45,0.70492,0.06628,15.023972941462874,16375
0.0,46,0.9114,0.04387,5.564211909951841,0
0.05,46,0.86996,0.06542,6.248987133385024,1
0.1,46,0.81919,0.08985,7.3473771213843255,35
0.15,46,0.7625,0.1108,9.530578987139092,1486
0.2,46,0.70377,0.06476,15.143232522773685,16580
0.0,47,0.91045,0.04483,5.630859480301562,0
0.05,47,0.87067,0.06424,6.278435375285923,0
0.1,47,0.81791,0.09051,7.407558833135382,39
0.15,47,0.76064,0.11229,9.612098243538357,1460
0.2,47,0.70602,0.06354,15.165459677794335,16700
0.0,48,0.91195,0.04455,5.640689014788029,0
0.05,48,0.86948,0.06479,6.32134157244515,0
0.1,48,0.81847,0.09029,7.439150052335378,31
0.15,48,0.7623,0.11144,9.621144596988932,1499
0.2,48,0.70746,0.06298,15.2086543227974,16876
0.0,49,0.91538,0.04328,5.634143776983428,0
0.05,49,0.87141,0.06556,6.339503562521961,1
0.1,49,0.82036,0.08999,7.464568850531202,33
0.15,49,0.76131,0.11147,9.695531318608907,1589
0.2,49,0.70672,0.06235,15.305777140618588,17063
0.0,50,0.91423,0.04313,5.700900010985074,0
0.05,50,0.87109,0.06338,6.37881065690339,0
0.1,50,0.82009,0.09108,7.494463951028525,41
0.15,50,0.76386,0.11082,9.734610174627914,1618
0.2,50,0.70519,0.06029,15.458415820582418,17340
0.0,51,0.91715,0.04086,5.694285778281389,0
0.05,51,0.87352,0.06349,6.398243360910846,2
0.1,51,0.82057,0.08954,7.525780708777836,35
0.15,51,0.76364,0.10947,9.771490084808065,1567
0.2,51,0.70537,0.05904,15.519323812167427,17552
0.0,52,0.91768,0.04136,5.7107169474352615,0
0.05,52,0.87411,0.06346,6.425228309541583,0
0.1,52,0.82029,0.08976,7.56678106772477,41
0.15,52,0.76245,0.11045,9.840000121119663,1734
0.2,52,0.70399,0.05898,15.666915828081889,17898
0.0,53,0.91908,0.0405,5.759744183067363,0
0.05,53,0.87232,0.0642,6.457913382723298,1
0.1,53,0.82123,0.08891,7.594082118801797,32
0.15,53,0.76372,0.10929,9.848939103532272,1606
0.2,53,0.70369,0.05722,15.807696423756326,18196
0.0,54,0.91814,0.04042,5.764722282153297,0
0.05,54,0.87432,0.06403,6.483995479633535,0
0.1,54,0.81994,0.09058,7.655982986252146,47
0.15,54,0.76032,0.11044,9.961616851722544,1750
0.2,54,0.70469,0.05544,15.822166768144623,18305
0.0,55,0.92175,0.03902,5.763924506879063,0
0.05,55,0.87554,0.06264,6.497593800583631,0
0.1,55,0.81971,0.09041,7.677809394329013,29
0.15,55,0.76276,0.10933,9.989721474194772,1786
0.2,55,0.70819,0.05379,15.796665206466946,18372
0.0,56,0.92247,0.03897,5.819612494466533,0
0.05,56,0.87668,0.06196,6.51569188230225,0
0.1,56,0.81986,0.08919,7.716482799491539,30
0.15,56,0.7632,0.10694,10.020823934148618,1772
0.2,56,0.70479,0.05354,16.034222291134974,18874
0.0,57,0.9226,0.03904,5.835726019318147,0
0.05,57,0.8761,0.06074,6.545473884887039,0
0.1,57,0.82033,0.09019,7.73966686272427,45
0.15,57,0.76469,0.10798,10.031413621599539,1784
0.2,57,0.70296,0.05281,16.16746555841099,19122
0.0,58,0.92323,0.03816,5.835897474252145,0
0.05,58,0.87504,0.06289,6.582352814508647,1
0.1,58,0.8209,0.08881,7.776748776829601,36
0.15,58,0.76532,0.1088,10.07597627268757,1889
0.2,58,0.7052,0.0524,16.110685296541313,18939
0.0,59,0.92328,0.03873,5.888907791471265,0
0.05,59,0.87776,0.06041,6.592057996273762,0
0.1,59,0.82237,0.08832,7.793544809331648,33
0.15,59,0.76135,0.10935,10.176452575295961,1944
0.2,59,0.70432,0.05001,16.29831627709166,19506
0.0,60,0.924,0.03791,5.897607424696893,0
0.05,60,0.8767,0.06173,6.6285473009433575,0
0.1,60,0.82239,0.08857,7.813458873375211,46
0.15,60,0.7625,0.10972,10.198411262615837,1912
0.2,60,0.70813,0.04996,16.147570116449028,19188
0.0,61,0.92563,0.03709,5.895668244730958,0
0.05,61,0.87764,0.0609,6.642447351127607,2
0.1,61,0.82397,0.08864,7.83313886841553,45
0.15,61,0.76465,0.10867,10.228867251010083,2011
0.2,61,0.70649,0.04819,16.351631122776183,19697
0.0,62,0.92622,0.03702,5.944678275342509,0
0.05,62,0.87818,0.06111,6.669194453142846,1
0.1,62,0.82317,0.088,7.888037672936258,47
0.15,62,0.76498,0.10797,10.234864784227256,2004
0.2,62,0.70545,0.04654,16.4758779439502,20033
0.0,63,0.92639,0.03569,5.948740375559698,0
0.05,63,0.87776,0.06126,6.709730023440502,1
0.1,63,0.8217,0.09038,7.92040420002292,46
0.15,63,0.76503,0.10766,10.299085834741408,2064
0.2,63,0.70803,0.04626,16.399751119463534,19874
0.0,64,0.9266,0.03675,5.962766922962831,0
0.05,64,0.8788,0.06161,6.713904048500631,1
0.1,64,0.82222,0.08902,7.939764917371455,49
0.15,64,0.76556,0.10651,10.317645322248996,2080
0.2,64,0.70263,0.0458,16.747074095266935,20589
0.0,65,0.92892,0.03592,5.993747009858313,0
0.05,65,0.87973,0.06,6.726345950105062,2
0.1,65,0.82379,0.08832,7.960830758910631,46
0.15,65,0.76452,0.10871,10.366027791836485,2091
0.2,65,0.71065,0.0457,16.37845564172012,19838
0.0,66,0.92898,0.03621,5.999807583737902,0
0.05,66,0.8794,0.06071,6.763705914686077,0
0.1,66,0.82377,0.08725,7.982290599323652,51
0.15,66,0.7656,0.10668,10.396538559509619,2198
0.2,66,0.70574,0.0452,16.674089261738427,20415
0.0,67,0.93025,0.03499,6.008751015779466,0
0.05,67,0.88163,0.05864,6.75558445299492,2
0.1,67,0.82248,0.08933,8.02036356941633,34
0.15,67,0.7645,0.10801,10.446786574790687,2208
0.2,67,0.70528,0.04487,16.738330512041195,20504
0.0,68,0.92906,0.03604,6.06331451586113,0
0.05,68,0.88147,0.05945,6.79166000850901,0
0.1,68,0.8238,0.08761,8.0434703893248,42
0.15,68,0.76417,0.1072,10.463192760293232,2117
0.2,68,0.70332,0.04337,16.971825747027403,21213
0.0,69,0.9312,0.03357,6.049499644752359,0
0.05,69,0.88098,0.0597,6.819734665337259,0
0.1,69,0.8235,0.08822,8.072748026189833,49
0.15,69,0.76289,0.10758,10.54355870657116,2287
0.2,69,0.70603,0.04171,16.915510153991267,21107
0.0,70,0.93319,0.03372,6.056092582435195,0
0.05,70,0.88263,0.05908,6.82165417118975,0
0.1,70,0.82402,0.08698,8.101591757706974,48
0.15,70,0.76492,0.10698,10.554553466524649,2270
0.2,70,0.70817,0.04028,16.86590675867001,21019
0.0,71,0.93345,0.03398,6.089215433031922,0
0.05,71,0.88204,0.05959,6.853922437648754,1
0.1,71,0.82329,0.0886,8.120976150343397,38
0.15,71,0.76465,0.10672,10.57508446227852,2342
0.2,71,0.70513,0.0404,17.056547843204466,21403
0.0,72,0.93183,0.03408,6.100091062914633,0
0.05,72,0.88124,0.05949,6.881336692814624,0
0.1,72,0.82594,0.08688,8.093616606024884,34
0.15,72,0.76594,0.10584,10.587915958114804,2252
0.2,72,0.70449,0.03955,17.168255870789853,21664
0.0,73,0.93441,0.0323,6.113057644098129,0
0.05,73,0.88159,0.05856,6.900567986991313,1
0.1,73,0.82545,0.08659,8.151997777545903,43
0.15,73,0.76164,0.10687,10.702209628837547,2459
0.2,73,0.70375,0.03873,17.267902712608365,21884
0.0,74,0.93387,0.03291,6.150773436636588,0
0.05,74,0.88151,0.06023,6.920096564627634,3
0.1,74,0.82579,0.08673,8.167181872337446,49
0.15,74,0.76423,0.10608,10.716602344865839,2471
0.2,74,0.70419,0.03848,17.280554941005043,21896
0.0,75,0.93568,0.032,6.153589992604379,0
0.05,75,0.88201,0.05902,6.9368937141231735,1
0.1,75,0.82495,0.08789,8.20199212658765,49
0.15,75,0.76434,0.1068,10.723465964993787,2454
0.2,75,0.70562,0.03664,17.289684288011394,22016
0.0,76,0.93502,0.03305,6.166198267288704,0
0.05,76,0.8853,0.0585,6.930569672112357,1
0.1,76,0.82471,0.08848,8.23747323678098,54
0.15,76,0.76681,0.10492,10.74783150604198,2585
0.2,76,0.70413,0.03693,17.4223283875791,22304
0.0,77,0.9356,0.03279,6.198965001940182,0
0.05,77,0.88348,0.05782,6.9597412995377335,0
0.1,77,0.8271,0.08763,8.224139048545041,52
0.15,77,0.7625,0.10654,10.843362603433771,2614
0.2,77,0.7058,0.03517,17.428547018070148,22349
0.0,78,0.93706,0.0317,6.1951517086140955,0
0.05,78,0.88557,0.0566,6.969929987864293,4
0.1,78,0.8276,0.08522,8.242757595510996,39
0.15,78,0.76543,0.10473,10.848591864253137,2652
0.2,78,0.70391,0.03578,17.521287306210425,22509
0.0,79,0.93853,0.03106,6.185587864630016,0
0.05,79,0.88435,0.05767,6.998748279872566,1
0.1,79,0.82467,0.08809,8.296748395665912,58
0.15,79,0.76331,0.10474,10.88911342020901,2700
0.2,79,0.70697,0.03348,17.483687876623296,22513
0.0,80,0.93784,0.03113,6.231144750723236,0
0.05,80,0.88426,0.05785,7.014345818973652,1
0.1,80,0.82725,0.08565,8.276807962426473,52
0.15,80,0.76353,0.10543,10.913308261045328,2668
0.2,80,0.70699,0.03259,17.50319704170324,22578
0.0,81,0.93789,0.03189,6.237307856546232,0
0.05,81,0.88492,0.05836,7.024356017864176,1
0.1,81,0.8258,0.08714,8.323064565037615,59
0.15,81,0.76474,0.10374,10.933101444193463,2789
0.2,81,0.70446,0.03223,17.722533379325256,23040
0.0,82,0.93947,0.03064,6.237563845086869,0
0.05,82,0.88421,0.0584,7.0564063477091965,1
0.1,82,0.82625,0.08721,8.345236424017866,63
0.15,82,0.76443,0.10355,10.979693407147119,2833
0.2,82,0.70578,0.03164,17.70255603527891,23060
0.0,83,0.93908,0.0297,6.272694706881163,0
0.05,83,0.88617,0.05704,7.055587324492744,1
0.1,83,0.82482,0.08707,8.391297360027043,46
0.15,83,0.76449,0.10376,11.022599510862339,2881
0.2,83,0.70801,0.03146,17.614084854108235,22895
0.0,84,0.9394,0.03083,6.2807763992273005,0
0.05,84,0.88619,0.05665,7.078270504813043,2
0.1,84,0.82632,0.08788,8.386748881407698,55
0.15,84,0.76593,0.10307,11.004254762148793,2799
0.2,84,0.70754,0.03014,17.751053871910216,23229
0.0,85,0.94086,0.02959,6.279881786256203,0
0.05,85,0.88472,0.05696,7.106585081817094,0
0.1,85,0.82744,0.08593,8.39529946832489,56
0.15,85,0.76442,0.10429,11.038125673660762,2762
0.2,85,0.70725,0.02995,17.787780284858965,23347
0.0,86,0.94009,0.03005,6.313233986928331,0
0.05,86,0.88554,0.0562,7.1105838366763106,2
0.1,86,0.82673,0.08584,8.411389522552803,58
0.15,86,0.76505,0.10295,11.080957325477035,2932
0.2,86,0.70667,0.02933,17.83680082734656,23357
0.0,87,0.94184,0.02892,6.306980245175495,0
0.05,87,0.88592,0.05645,7.139733409305283,2
0.1,87,0.82464,0.08653,8.46201579132732,54
0.15,87,0.76728,0.10168,11.050888785805668,2837
0.2,87,0.70519,0.02893,17.975090318046313,23666
0.0,88,0.94253,0.02793,6.315232430566093,0
0.05,88,0.88773,0.05598,7.1433717066331255,1
0.1,88,0.82761,0.08597,8.45661077823191,61
0.15,88,0.76543,0.10215,11.138742739867341,2958
0.2,88,0.70648,0.02889,17.944425291089377,23621
0.0,89,0.94095,0.02959,6.36386810425434,0
0.05,89,0.88853,0.05583,7.156278310912057,1
0.1,89,0.82564,0.08526,8.503030382817514,76
0.15,89,0.76505,0.10108,11.173754602675931,3054
0.2,89,0.70553,0.02831,18.00897767045246,23742
0.0,90,0.94165,0.02864,6.358729770888134,0
0.05,90,0.88799,0.05592,7.156358632209168,1
0.1,90,0.82664,0.08626,8.511127680585398,67
0.15,90,0.76562,0.10172,11.164963770428766,3003
0.2,90,0.70693,0.02782,18.012575232396344,23812
0.0,91,0.94223,0.02862,6.359515170010576,0
0.05,91,0.88665,0.05664,7.196040570103066,1
0.1,91,0.82652,0.08619,8.52242307264268,50
0.15,91,0.76457,0.10268,11.23620113529933,3116
0.2,91,0.70434,0.0268,18.207969593038893,24198
0.0,92,0.94259,0.02911,6.385342189703797,0
0.05,92,0.89013,0.0549,7.178932273429972,2
0.1,92,0.82565,0.08668,8.55124737798627,66
0.15,92,0.76386,0.10287,11.280422175338176,3140
0.2,92,0.70704,0.0267,18.11395498260992,24038
0.0,93,0.94406,0.02794,6.390124885053958,0
0.05,93,0.88871,0.05603,7.217737506776641,0
0.1,93,0.82538,0.08722,8.573882635642061,71
0.15,93,0.76256,0.10277,11.341839881313193,3270
0.2,93,0.70466,0.02451,18.307808278233168,24479
0.0,94,0.94372,0.02834,6.4047214871759,0
0.05,94,0.88693,0.05605,7.225432359475381,3
0.1,94,0.82704,0.0858,8.5969586152457,72
0.15,94,0.76266,0.10317,11.371233462002536,3275
0.2,94,0.70568,0.02423,18.286954114719958,24489
0.0,95,0.94451,0.02817,6.430824866565388,0
0.05,95,0.88792,0.05605,7.2436957433431735,1
0.1,95,0.82692,0.08764,8.60025924794942,64
0.15,95,0.76347,0.10168,11.357762702685655,3202
0.2,95,0.70634,0.02423,18.30679987989042,24540
0.0,96,0.94475,0.02716,6.444171853067894,0
0.05,96,0.88748,0.05656,7.264475145278726,0
0.1,96,0.82694,0.08654,8.619994624015014,65
0.15,96,0.76613,0.10081,11.34105908730651,3237
0.2,96,0.70315,0.02488,18.47636392931142,24765
0.0,97,0.94564,0.02697,6.423572133985465,0
0.05,97,0.88619,0.05633,7.294111055797902,0
0.1,97,0.82797,0.08709,8.634612959395438,72
0.15,97,0.76406,0.10053,11.411892877958888,3307
0.2,97,0.706,0.02323,18.38982754903675,24704
0.0,98,0.94508,0.02723,6.465448398997041,0
0.05,98,0.88895,0.05593,7.283494230627075,3
0.1,98,0.82649,0.08611,8.666091453542336,65
0.15,98,0.76595,0.10087,11.425614077277006,3416
0.2,98,0.70446,0.02388,18.486427348985558,24816
0.0,99,0.94601,0.02666,6.451367757366352,0
0.05,99,0.89003,0.05445,7.2891963831904105,3
0.1,99,0.82566,0.08687,8.690306998610197,63
0.15,99,0.76449,0.09888,11.482649336578048,3539
0.2,99,0.7074,0.02246,18.38992234882715,24751
0.0,100,0.94617,0.02637,6.473432062919458,0
0.05,100,0.88746,0.05626,7.334143983351478,1
0.1,100,0.82519,0.08706,8.714258215774574,69
0.15,100,0.76575,0.10138,11.470121440045089,3448
0.2,100,0.70616,0.02162,18.520925977756903,25018
0.0,105,0.94806,0.02625,6.526413769193897,0
0.05,105,0.88918,0.05463,7.38308599225531,0
0.1,105,0.82797,0.08586,8.771557523215838,68
0.15,105,0.76582,0.09953,11.594430640118038,3652
0.2,105,0.7039,0.02004,18.83321286720635,25652
0.0,110,0.94859,0.02506,6.578016089255873,0
0.05,110,0.88987,0.05436,7.446242893610485,0
0.1,110,0.82442,0.08722,8.898143056167592,86
0.15,110,0.76475,0.0978,11.732351780015444,3859
0.2,110,0.70834,0.01703,18.800912545261355,25769
0.0,115,0.9512,0.02452,6.616191057708502,0
0.05,115,0.89262,0.05381,7.495641053596324,1
0.1,115,0.82808,0.08629,8.919485561048875,72
0.15,115,0.76622,0.09608,11.848246637662115,4180
0.2,115,0.7056,0.01611,19.078452348961456,26207
0.0,120,0.95131,0.02464,6.682283535269511,0
0.05,120,0.89283,0.05336,7.560302054377117,0
0.1,120,0.8285,0.08429,8.997120805631972,83
0.15,120,0.76493,0.09552,11.982233555061159,4321
0.2,120,0.70778,0.01433,19.12218615641681,26411
0.0,125,0.95316,0.02393,6.73172534744412,0
0.05,125,0.89297,0.05324,7.602710991504995,1
0.1,125,0.82819,0.08492,9.068202579623152,98
0.15,125,0.76601,0.09393,12.090245739292275,4555
0.2,125,0.70724,0.01257,19.289628090353286,26754
0.0,130,0.95541,0.02173,6.749110321213571,0
0.05,130,0.89088,0.0553,7.687874914294777,0
0.1,130,0.83061,0.08534,9.123188451911929,95
0.15,130,0.76583,0.09363,12.204202624325333,4780
0.2,130,0.70565,0.01182,19.487591867415404,27135
0.0,135,0.95646,0.02163,6.80171545883313,0
0.05,135,0.89233,0.05354,7.731993663533864,0
0.1,135,0.82751,0.08503,9.20944880013262,84
0.15,135,0.76676,0.09077,12.282961381845062,5006
0.2,135,0.70651,0.00971,19.61139430983438,27364
0.0,140,0.95683,0.02089,6.849899665072714,0
0.05,140,0.89272,0.05349,7.773284991536835,0
0.1,140,0.83027,0.08451,9.242052398167388,102
0.15,140,0.7658,0.09066,12.408470748575816,5220
0.2,140,0.70594,0.00887,19.74278665795717,27660
0.0,145,0.95827,0.02095,6.876936426145288,0
0.05,145,0.89521,0.0532,7.802874917422013,1
0.1,145,0.82945,0.0853,9.308858149408472,106
0.15,145,0.76387,0.09144,12.5661364497769,5522
0.2,145,0.70553,0.00829,19.83548790876452,27819
0.0,150,0.95927,0.02072,6.911315520010334,0
0.05,150,0.89559,0.05139,7.853223684212069,0
0.1,150,0.82854,0.08429,9.395563941262042,122
0.15,150,0.76571,0.0893,12.62004304139896,5683
0.2,150,0.70361,0.00679,20.080149776515213,28259
0.0,155,0.96016,0.02054,6.954898932822968,0
0.05,155,0.89591,0.0524,7.888385257936137,1
0.1,155,0.82975,0.08484,9.440113961354283,126
0.15,155,0.76633,0.08852,12.68166487874854,5809
0.2,155,0.70523,0.00616,20.070313020199556,28260
0.0,160,0.96108,0.01969,6.984318634451531,0
0.05,160,0.89584,0.05204,7.924831317338119,1
0.1,160,0.83153,0.08288,9.456724341147694,133
0.15,160,0.76331,0.08686,12.871654275214405,6219
0.2,160,0.70592,0.00573,20.101338942114893,28260
0.0,165,0.96188,0.0189,7.014553395851281,0
0.05,165,0.89776,0.0516,7.969529544644751,1
0.1,165,0.83039,0.08347,9.534232203362654,142
0.15,165,0.76586,0.08598,12.923859048012629,6515
0.2,165,0.70669,0.00449,20.17061672500641,28416
0.0,170,0.96251,0.01887,7.056105765964211,0
0.05,170,0.89668,0.05141,8.014272403507544,2
0.1,170,0.82815,0.08578,9.62592289859918,158
0.15,170,0.76628,0.08365,12.991505502030968,6613
0.2,170,0.70412,0.00424,20.37918348075362,28733
0.0,175,0.96347,0.01812,7.072166150324017,0
0.05,175,0.89704,0.0518,8.063755121826295,0
0.1,175,0.82851,0.08522,9.655783072842274,148
0.15,175,0.7659,0.08294,13.071133564541373,6790
0.2,175,0.70581,0.0035,20.348481773387515,28677
0.0,180,0.96406,0.01781,7.114686880974713,0
0.05,180,0.8962,0.0515,8.093692685482123,1
0.1,180,0.83275,0.08221,9.65075374224904,168
0.15,180,0.76397,0.08177,13.238719736994112,7195
0.2,180,0.70585,0.00337,20.41034574443738,28773
0.0,185,0.9658,0.01681,7.138512009778617,0
0.05,185,0.89797,0.05145,8.121367696348296,0
0.1,185,0.83014,0.08342,9.731108127913867,150
0.15,185,0.76559,0.0801,13.2846572742865,7383
0.2,185,0.70727,0.00286,20.392675651980557,28695
0.0,190,0.96479,0.01738,7.1714532517797895,0
0.05,190,0.89668,0.05185,8.161622297102147,0
0.1,190,0.82748,0.08455,9.804956722634302,152
0.15,190,0.76377,0.07951,13.374091474341325,7578
0.2,190,0.707,0.00259,20.450318924902685,28794
0.0,195,0.96541,0.01734,7.20451695511166,0
0.05,195,0.89781,0.05075,8.184796828584693,1
0.1,195,0.82872,0.08494,9.838319348446552,168
0.15,195,0.76375,0.0784,13.50054072253752,7914
0.2,195,0.70765,0.0022,20.474970731408916,28791
0.0,200,0.96646,0.01661,7.236188946946892,0
0.05,200,0.90053,0.04978,8.20402257721814,0
0.1,200,0.83039,0.08403,9.848165379716765,156
0.15,200,0.7642,0.07627,13.57937436845245,8172
0.2,200,0.70924,0.00192,20.415567149431613,28681
0.0,205,0.96684,0.01668,7.241490603589062,0
0.05,205,0.89729,0.05032,8.269444372248667,1
0.1,205,0.832,0.0834,9.882936196122408,162
0.15,205,0.76619,0.07516,13.601969916483819,8312
0.2,205,0.70347,0.00182,20.810213656887534,29305
0.0,210,0.96691,0.01634,7.276304130681377,0
0.05,210,0.89688,0.05075,8.297015998891649,1
0.1,210,0.8315,0.08362,9.933400914421354,180
0.15,210,0.76549,0.07449,13.707390209260149,8531
0.2,210,0.70596,0.00159,20.69591411045282,29098
0.0,215,0.96728,0.01652,7.308324537521221,0
0.05,215,0.89712,0.05153,8.340648467841541,0
0.1,215,0.83027,0.08339,9.988647646145113,201
0.15,215,0.7666,0.07243,13.74607826569035,8766
0.2,215,0.70815,0.00102,20.62840895816902,28954
0.0,220,0.96872,0.0154,7.323637820908322,0
0.05,220,0.89816,0.05066,8.367442824782389,1
0.1,220,0.82826,0.08401,10.068141621137995,208
0.15,220,0.76188,0.0734,13.964336712215095,9215
0.2,220,0.70603,0.00113,20.773500359181096,29170
0.0,225,0.96777,0.0161,7.361390639340085,0
0.05,225,0.89898,0.05035,8.388416102377915,0
0.1,225,0.8293,0.08382,10.086669715662868,218
0.15,225,0.76566,0.0705,13.949105968644405,9256
0.2,225,0.70318,0.00091,20.990612090373656,29484
0.0,230,0.96871,0.0158,7.3739712288579105,0
0.05,230,0.89856,0.05054,8.42347303264311,1
0.1,230,0.83035,0.08424,10.098970237443947,227
0.15,230,0.7659,0.06891,14.029054394480928,9519
0.2,230,0.70678,0.00089,20.82069766948093,29156
0.0,235,0.97008,0.01513,7.387146467214224,0
0.05,235,0.90041,0.04966,8.436114672649584,3
0.1,235,0.82969,0.08388,10.134542756952563,217
0.15,235,0.76418,0.06816,14.174279272824842,9957
0.2,235,0.70708,0.00073,20.813986051124555,29150
0.0,240,0.96979,0.0145,7.425961750798184,0
0.05,240,0.89931,0.05021,8.465665853733222,1
0.1,240,0.83062,0.0846,10.17940452008531,259
0.15,240,0.76477,0.06747,14.195219799515735,9983
0.2,240,0.70687,0.00076,20.868815593864593,29174
0.0,245,0.97011,0.01455,7.449642656229055,0
0.05,245,0.89991,0.05002,8.502252108014876,0
0.1,245,0.83123,0.08309,10.204141980230329,261
0.15,245,0.76628,0.06621,14.23747482765149,10227
0.2,245,0.70588,0.00066,20.96197206840382,29293
0.0,250,0.97114,0.01438,7.463398712238496,0
0.05,250,0.89993,0.05012,8.536695832352322,2
0.1,250,0.83101,0.08352,10.23026158219343,248
0.15,250,0.7666,0.06387,14.30437530033287,10509
0.2,250,0.70484,0.00066,21.057025254223053,29395
0.0,255,0.97174,0.01407,7.496451398513822,0
0.05,255,0.89985,0.04913,8.551083786690347,1
0.1,255,0.82745,0.08424,10.328276600227095,245
0.15,255,0.76638,0.06211,14.401422825490462,10714
0.2,255,0.70445,0.00044,21.115107382394907,29476
0.0,260,0.97137,0.01422,7.506296957905544,0
0.05,260,0.89691,0.05168,8.609897943918618,0
0.1,260,0.82958,0.08365,10.31218363992163,261
0.15,260,0.76425,0.06312,14.500318218281912,10947
0.2,260,0.70477,0.00048,21.120084531284203,29442
0.0,265,0.97059,0.01428,7.530403919408008,0
0.05,265,0.89891,0.05046,8.61546693886255,0
0.1,265,0.82946,0.08442,10.362151299972734,256
0.15,265,0.76403,0.06145,14.608426863226976,11290
0.2,265,0.70587,0.00034,21.089841441567533,29337
0.0,270,0.97256,0.01368,7.5446762517982195,0
0.05,270,0.90132,0.04896,8.612820180864084,0
0.1,270,0.82975,0.08421,10.380627880368278,269
0.15,270,0.76454,0.05987,14.660454143402706,11491
0.2,270,0.70653,0.0002,21.065809030911073,29297
0.0,275,0.97304,0.0135,7.5684814619948035,0
0.05,275,0.89997,0.05004,8.65150360125398,0
0.1,275,0.82979,0.08206,10.427539360137247,307
0.15,275,0.76681,0.05832,14.653028553902391,11583
0.2,275,0.70586,0.00026,21.14561651917658,29357
0.0,280,0.97358,0.01332,7.589367703216543,0
0.05,280,0.90023,0.05063,8.675687241595854,2
0.1,280,0.83024,0.08295,10.448581050405737,317
0.15,280,0.76491,0.05615,14.823107165248395,12130
0.2,280,0.70638,0.00022,21.12082828362904,29319
0.0,285,0.97256,0.01414,7.6138818087351074,0
0.05,285,0.89928,0.05061,8.707606229522812,2
0.1,285,0.82915,0.08417,10.50640724243875,330
0.15,285,0.7682,0.05654,14.709139661910884,11807
0.2,285,0.70659,0.00018,21.145688684375635,29295
0.0,290,0.97265,0.01378,7.628849502702163,0
0.05,290,0.89955,0.05003,8.738734067376253,0
0.1,290,0.83014,0.08437,10.494641875335033,283
0.15,290,0.76373,0.05625,14.954654732353,12381
0.2,290,0.70699,0.00017,21.148144389619773,29272
0.0,295,0.97475,0.01289,7.630410477669032,0
0.05,295,0.89998,0.04967,8.748990838104696,1
0.1,295,0.83035,0.08391,10.533163873612759,307
0.15,295,0.76525,0.05488,14.976024239647197,12515
0.2,295,0.7068,0.00016,21.17824442367101,29291
0.0,300,0.97333,0.01338,7.654858808365617,0
0.05,300,0.9005,0.04994,8.756789111716671,2
0.1,300,0.83053,0.08193,10.574013977542311,378
0.15,300,0.76352,0.05343,15.12633768482649,12951
0.2,300,0.70692,0.00011,21.188316802932675,29281