probPopping,threshold,numTargets,optimal,optimal2,time,noResolution
0,5,2,0.9,0.1,1.9033333333333335,0
0,5,3,0.5,0.0,2.8705952380952384,0
0,5,4,0.5,0.1,3.2814574314574316,0
0.05,5,2,0.9,0.1,2.25,0
0.05,5,3,0.8,0.1,2.666428571428572,0
0.05,5,4,0.2,0.2,5.4322410922410915,0
0.1,5,2,0.9,0.1,2.0319047619047614,0
0.1,5,3,0.7,0.0,2.690714285714286,0
0.1,5,4,0.6,0.2,3.808903318903319,0
0.2,5,2,0.8,0.2,3.11047619047619,0
0.2,5,3,0.8,0.1,3.525119047619048,0
0.2,5,4,0.5,0.0,10.883261183261183,1
0,6,2,0.7,0.3,2.3851587301587296,0
0,6,3,0.5,0.1,3.157391774891775,0
0,6,4,0.6,0.1,3.567320457320457,0
0.05,6,2,0.6,0.4,2.8553968253968254,0
0.05,6,3,0.4,0.1,3.8550432900432896,0
0.05,6,4,0.7,0.1,4.516651126651127,0
0.1,6,2,0.5,0.5,2.8349206349206346,0
0.1,6,3,0.4,0.4,4.16012987012987,0
0.1,6,4,0.7,0.0,4.5518326118326105,0
0.2,6,2,0.7,0.3,3.2511904761904757,0
0.2,6,3,0.4,0.3,11.268783068783067,1
0.2,6,4,0.5,0.0,19.260544217687077,3
0,7,2,0.8,0.2,2.4590548340548337,0
0,7,3,0.6,0.1,3.767149517149517,0
0,7,4,0.8,0.0,4.148317793317792,0
0.05,7,2,0.4,0.6,3.2131024531024535,0
0.05,7,3,0.7,0.2,4.389094239094239,0
0.05,7,4,0.7,0.0,4.667691197691197,0
0.1,7,2,0.7,0.3,3.486666666666666,0
0.1,7,3,0.7,0.1,4.2026320738085445,0
0.1,7,4,0.5,0.1,5.969400044400045,0
0.2,7,2,0.6,0.3,6.928579445246111,1
0.2,7,3,0.6,0.2,4.977997835497835,0
0.2,7,4,0.7,0.0,14.467612634279302,1
0,8,2,0.7,0.3,2.693891108891109,0
0,8,3,0.5,0.3,4.236864924291395,0
0,8,4,0.5,0.3,5.0309065953863366,0
0.05,8,2,0.6,0.4,3.3336580086580083,0
0.05,8,3,0.7,0.1,4.718149766899767,0
0.05,8,4,0.2,0.3,6.037334291095902,0
0.1,8,2,0.6,0.4,4.064300144300144,0
0.1,8,3,0.5,0.2,5.61498929991577,0
0.1,8,4,0.5,0.1,6.975264343499637,0
0.2,8,2,0.7,0.3,4.399453879453881,0
0.2,8,3,0.5,0.1,7.905929994927672,0
0.2,8,4,0.5,0.1,16.824632312132312,2
0,9,2,1.0,0.0,2.6923926073926068,0
0,9,3,0.7,0.1,3.9307134532134533,0
0,9,4,0.5,0.3,5.143301779060293,0
0.05,9,2,0.7,0.3,3.0282756132756132,0
0.05,9,3,0.8,0.2,4.29886375879023,0
0.05,9,4,0.5,0.0,6.509571433038924,0
0.1,9,2,0.7,0.3,3.3450022200022196,0
0.1,9,3,0.6,0.4,4.958592241092241,0
0.1,9,4,0.8,0.1,5.753347208347209,0
0.2,9,2,0.7,0.3,5.26238455988456,0
0.2,9,3,0.5,0.3,9.550111555111554,0
0.2,9,4,0.6,0.0,19.923623995052562,3
0,10,2,0.8,0.2,3.181655729891024,0
0,10,3,0.9,0.1,4.133331882256032,0
0,10,4,0.4,0.1,5.72857697685871,0
0.05,10,2,0.9,0.1,3.053402708402708,0
0.05,10,3,0.6,0.1,4.399636722926197,0
0.05,10,4,0.7,0.2,6.382677031598803,0
0.1,10,2,0.7,0.3,3.241629204129204,0
0.1,10,3,0.6,0.3,5.17951257076257,0
0.1,10,4,0.7,0.2,7.206600052256265,0
0.2,10,2,0.5,0.5,5.845023865023864,0
0.2,10,3,0.6,0.3,14.667363620498293,1
0.2,10,4,0.7,0.1,15.562193362193362,2
0,11,2,0.5,0.5,3.4215429625414147,0
0,11,3,0.8,0.1,4.586717281753559,0
0,11,4,0.9,0.0,4.795059850201996,0
0.05,11,2,0.9,0.1,3.057308883926531,0
0.05,11,3,0.3,0.2,5.326624870227811,0
0.05,11,4,0.6,0.4,6.733206849356973,0
0.1,11,2,0.7,0.3,4.225124124241772,0
0.1,11,3,0.5,0.1,7.296179776106247,0
0.1,11,4,0.7,0.1,7.764303000061514,0
0.2,11,2,0.5,0.5,6.027635697635699,0
0.2,11,3,0.7,0.0,10.442358995493668,1
0.2,11,4,0.4,0.0,41.257726717726726,5
0,12,2,0.8,0.2,3.4699295759280275,0
0,12,3,0.7,0.2,5.295893700860992,0
0,12,4,0.9,0.0,5.761852503075756,0
0.05,12,2,0.7,0.3,3.882778867159672,0
0.05,12,3,0.6,0.1,5.274345482948425,0
0.05,12,4,0.4,0.0,7.066966369475097,0
0.1,12,2,0.8,0.2,3.4322402270931676,0
0.1,12,3,0.7,0.1,6.486122457809462,0
0.1,12,4,0.7,0.0,9.266249223772444,0
0.2,12,2,0.7,0.3,4.778996179259337,0
0.2,12,3,0.4,0.2,11.458821086034707,0
0.2,12,4,0.5,0.0,32.98498908498909,4
0,13,2,0.6,0.4,3.5421484681469204,0
0,13,3,0.7,0.1,5.119533427147777,0
0,13,4,0.7,0.1,6.145093827798215,0
0.05,13,2,0.8,0.2,3.578007548007548,0
0.05,13,3,0.8,0.1,4.872111015470821,0
0.05,13,4,0.8,0.0,7.546654099803798,0
0.1,13,2,0.7,0.3,4.085390211484571,0
0.1,13,3,0.8,0.2,6.09895613842343,0
0.1,13,4,0.6,0.2,7.964059202579326,0
0.2,13,2,0.6,0.4,6.315042796041247,0
0.2,13,3,0.5,0.0,15.240414273226774,2
0.2,13,4,0.7,0.0,16.649645207733442,2
0,14,2,0.8,0.2,3.480388628100634,0
0,14,3,0.9,0.1,4.632628162249949,0
0,14,4,0.4,0.2,7.338227778631834,0
0.05,14,2,0.9,0.1,3.259792511410158,0
0.05,14,3,0.9,0.0,5.5657076017715355,0
0.05,14,4,0.5,0.2,8.393840405582363,0
0.1,14,2,0.6,0.4,4.8276432305224874,0
0.1,14,3,0.7,0.3,6.98340770051653,0
0.1,14,4,0.4,0.3,9.773056804878486,0
0.2,14,2,0.6,0.4,5.840267644292412,0
0.2,14,3,0.6,0.3,10.534594961070596,1
0.2,14,4,0.5,0.0,26.4170265284374,3
0,15,2,0.8,0.2,3.8116487688886393,0
0,15,3,0.7,0.2,5.134840772295821,0
0,15,4,0.4,0.1,6.317947933669131,0
0.05,15,2,0.5,0.5,4.527878644403413,0
0.05,15,3,0.7,0.0,6.1021230779759925,0
0.05,15,4,0.8,0.1,6.666807198812053,0
0.1,15,2,0.8,0.2,3.923444615043551,0
0.1,15,3,0.9,0.0,6.203608876036693,0
0.1,15,4,0.6,0.0,8.625304070492657,0
0.2,15,2,0.7,0.3,4.98179892265644,0
0.2,15,3,0.5,0.2,14.993399219306172,1
0.2,15,4,0.4,0.0,44.877967479373055,5
0,16,2,0.8,0.2,3.7591790831325094,0
0,16,3,0.6,0.3,5.563865704911523,0
0,16,4,0.9,0.0,5.96999356755922,0
0.05,16,2,0.9,0.1,3.677767427790647,0
0.05,16,3,0.6,0.3,5.561499049674545,0
0.05,16,4,0.9,0.1,7.294252347019269,0
0.1,16,2,1.0,0.0,4.187201105015143,0
0.1,16,3,0.9,0.0,7.312866391486159,0
0.1,16,4,0.8,0.0,9.98448459187367,0
0.2,16,2,0.6,0.4,5.504148351648351,0
0.2,16,3,0.8,0.0,12.705864813965723,1
0.2,16,4,0.4,0.0,44.94258659143462,5
0,17,2,0.8,0.2,3.8115960338476333,0
0,17,3,0.7,0.3,4.863744658560877,0
0,17,4,0.6,0.0,6.905882466275091,0
0.05,17,2,0.9,0.1,4.1599349441185,0
0.05,17,3,0.8,0.2,5.741183159087976,0
0.05,17,4,0.6,0.2,8.011476178465335,0
0.1,17,2,0.9,0.1,4.461570985420243,0
0.1,17,3,0.6,0.1,8.173573572179137,0
0.1,17,4,0.6,0.2,9.192905437027534,0
0.2,17,2,0.6,0.4,5.385814552664398,0
0.2,17,3,0.6,0.1,17.610574021342547,2
0.2,17,4,0.5,0.0,30.114895765282764,4
0,18,2,0.9,0.1,3.5185484378376986,0
0,18,3,0.9,0.0,4.956142066921805,0
0,18,4,0.7,0.1,6.81789518732154,0
0.05,18,2,0.9,0.1,3.6386502100572633,0
0.05,18,3,0.9,0.1,5.228727595542825,0
0.05,18,4,0.5,0.1,8.679544087477044,0
0.1,18,2,0.7,0.3,5.587922749829601,0
0.1,18,3,0.5,0.2,7.135056363650598,0
0.1,18,4,0.8,0.1,8.15244536862143,0
0.2,18,2,1.0,0.0,4.595973886597591,0
0.2,18,3,0.7,0.3,9.906206469877318,0
0.2,18,4,0.3,0.1,59.944112827317156,6
0,19,2,0.9,0.1,3.305905987430755,0
0,19,3,0.9,0.1,4.653389739094405,0
0,19,4,0.9,0.0,6.182045559567256,0
0.05,19,2,1.0,0.0,3.7881789310824217,0
0.05,19,3,0.8,0.1,6.666647099506027,0
0.05,19,4,0.4,0.1,9.913492287821732,0
0.1,19,2,0.8,0.2,4.609549445783124,0
0.1,19,3,0.4,0.3,8.349946306386599,0
0.1,19,4,0.8,0.0,8.06674871798332,0
0.2,19,2,0.9,0.0,8.21369212393485,1
0.2,19,3,0.9,0.0,9.85403821615672,0
0.2,19,4,0.6,0.0,35.15507460876477,4
0,20,2,0.9,0.1,3.694845988686983,0
0,20,3,0.8,0.2,5.502904726689232,0
0,20,4,0.7,0.1,6.709477428774441,0
0.05,20,2,1.0,0.0,3.490180969364193,0
0.05,20,3,0.6,0.2,6.654207064586776,0
0.05,20,4,0.8,0.0,7.724137922919345,0
0.1,20,2,1.0,0.0,4.3076770620713845,0
0.1,20,3,0.7,0.1,7.27051056055444,0
0.1,20,4,0.8,0.1,10.260545427647854,0
0.2,20,2,0.8,0.2,6.361722301155466,0
0.2,20,3,0.5,0.2,18.290958514001737,2
0.2,20,4,0.2,0.0,136.28858228974326,8
0,21,2,1.0,0.0,3.511935507199533,0
0,21,3,0.9,0.0,4.8910114898224455,0
0,21,4,0.7,0.1,7.825423902647657,0
0.05,21,2,0.7,0.3,4.392395193877096,0
0.05,21,3,0.7,0.0,6.589085002571923,0
0.05,21,4,0.6,0.1,9.154276970356598,0
0.1,21,2,1.0,0.0,4.966858316298303,0
0.1,21,3,0.8,0.0,7.042793034377048,0
0.1,21,4,0.7,0.1,9.544587676023443,0
0.2,21,2,1.0,0.0,4.26184698579103,0
0.2,21,3,0.4,0.2,18.127249525048754,1
0.2,21,4,0.3,0.0,78.83129236890848,7
0,22,2,1.0,0.0,3.8000739584190653,0
0,22,3,0.7,0.2,5.707928448297812,0
0,22,4,0.9,0.1,6.938777214115636,0
0.05,22,2,0.7,0.3,4.828379704539492,0
0.05,22,3,0.7,0.3,6.990476389022213,0
0.05,22,4,0.7,0.0,8.294427150414709,0
0.1,22,2,0.8,0.2,4.856855225165582,0
0.1,22,3,0.8,0.0,7.528749411990591,0
0.1,22,4,0.8,0.1,10.053628676102061,0
0.2,22,2,0.8,0.2,5.448104618687873,0
0.2,22,3,0.6,0.2,16.528426108317724,1
0.2,22,4,0.9,0.0,13.759193946665116,1
0,23,2,0.7,0.3,4.310677904380568,0
0,23,3,0.8,0.0,5.790160236178409,0
0,23,4,0.7,0.1,7.831818803809182,0
0.05,23,2,1.0,0.0,4.205589900524081,0
0.05,23,3,0.6,0.2,6.763134820307262,0
0.05,23,4,0.6,0.1,9.254396944297932,0
0.1,23,2,1.0,0.0,4.175071225472325,0
0.1,23,3,0.7,0.0,7.441418889672413,0
0.1,23,4,0.8,0.1,11.748580664239265,0
0.2,23,2,0.7,0.3,5.993333681267741,0
0.2,23,3,0.7,0.2,11.962860999411678,0
0.2,23,4,0.5,0.0,44.1842391478412,5
0,24,2,1.0,0.0,3.856019268314885,0
0,24,3,0.9,0.0,6.259485924228726,0
0,24,4,0.7,0.2,7.952149705759271,0
0.05,24,2,0.9,0.1,4.5235587500249625,0
0.05,24,3,0.7,0.3,7.3080502772964255,0
0.05,24,4,0.9,0.1,8.609905178553044,0
0.1,24,2,0.9,0.1,4.639377419962344,0
0.1,24,3,0.9,0.1,7.423600557865898,0
0.1,24,4,0.4,0.3,13.329627919433435,0
0.2,24,2,0.8,0.2,5.63016170138381,0
0.2,24,3,0.7,0.0,20.929523731491628,3
0.2,24,4,0.6,0.0,32.481910616408975,4
0,25,2,0.9,0.1,4.4077656115411346,0
0,25,3,0.8,0.1,5.856598468401647,0
0,25,4,0.5,0.2,8.631664404970262,0
0.05,25,2,0.8,0.2,5.264657318987439,0
0.05,25,3,0.6,0.4,6.953390384617933,0
0.05,25,4,0.9,0.1,7.676084667523088,0
0.1,25,2,0.7,0.3,5.660604460408247,0
0.1,25,3,0.7,0.3,8.438695367076914,0
0.1,25,4,0.5,0.1,11.642075040097447,0
0.2,25,2,0.8,0.2,5.891608245163211,0
0.2,25,3,0.8,0.0,15.037135093871019,2
0.2,25,4,0.6,0.0,32.3158943918698,4
0,26,2,1.0,0.0,4.126366739867181,0
0,26,3,0.8,0.2,6.298574454588328,0
0,26,4,0.8,0.2,7.32559586246923,0
0.05,26,2,0.9,0.1,4.9365601184413155,0
0.05,26,3,0.7,0.1,7.228063458469521,0
0.05,26,4,0.8,0.2,9.595768106933397,0
0.1,26,2,1.0,0.0,4.061252838237421,0
0.1,26,3,0.9,0.0,7.003447936861474,0
0.1,26,4,0.5,0.0,12.714466624670836,0
0.2,26,2,0.8,0.2,7.808949861008133,0
0.2,26,3,0.8,0.2,11.069970830921879,0
0.2,26,4,0.5,0.0,42.81021177862182,5
0,27,2,0.7,0.3,4.920345050068191,0
0,27,3,0.8,0.0,6.7834442900839065,0
0,27,4,0.6,0.2,8.816027336763858,0
0.05,27,2,0.8,0.2,4.716960824265696,0
0.05,27,3,0.7,0.2,7.011979352857438,0
0.05,27,4,0.9,0.1,8.623871465333096,0
0.1,27,2,0.9,0.1,5.235885745602323,0
0.1,27,3,0.7,0.1,8.318738571918747,0
0.1,27,4,0.9,0.0,9.518614896346593,0
0.2,27,2,0.7,0.2,10.151265711213645,1
0.2,27,3,0.6,0.3,15.914596525514984,0
0.2,27,4,0.4,0.0,59.56707751432357,6
0,28,2,0.9,0.1,4.194703471612732,0
0,28,3,0.8,0.2,6.597044904638151,0
0,28,4,0.8,0.1,7.576180786627366,0
0.05,28,2,0.9,0.1,4.633109011476598,0
0.05,28,3,0.9,0.1,6.6507535658942185,0
0.05,28,4,0.9,0.0,8.983343095776096,0
0.1,28,2,0.8,0.2,5.468691223589094,0
0.1,28,3,0.7,0.0,8.208515943530069,0
0.1,28,4,0.8,0.1,10.300832175523357,0
0.2,28,2,0.7,0.3,6.470182292074955,0
0.2,28,3,0.8,0.1,13.553428241385763,1
0.2,28,4,0.4,0.0,57.66511418501048,6
0,29,2,1.0,0.0,3.922354147030074,0
0,29,3,0.6,0.1,6.913513490318756,0
0,29,4,0.9,0.1,6.606867169964143,0
0.05,29,2,0.9,0.1,4.5441002606244165,0
0.05,29,3,1.0,0.0,6.239844745370196,0
0.05,29,4,0.6,0.1,10.270513232790085,0
0.1,29,2,0.8,0.2,5.368429016431941,0
0.1,29,3,0.6,0.2,8.043814637794895,0
0.1,29,4,0.7,0.1,10.520974996377387,0
0.2,29,2,0.7,0.2,10.143397760524401,1
0.2,29,3,0.5,0.2,19.6067741775787,1
0.2,29,4,0.5,0.0,45.25497093064318,5
0,30,2,0.8,0.2,4.339431899511125,0
0,30,3,1.0,0.0,6.2760795703011025,0
0,30,4,0.7,0.0,7.736726522259389,0
0.05,30,2,0.9,0.1,4.6424937761176865,0
0.05,30,3,0.8,0.2,6.460461898409949,0
0.05,30,4,0.9,0.0,9.001953558128028,0
0.1,30,2,0.8,0.2,5.522707164569276,0
0.1,30,3,1.0,0.0,7.46410222522597,0
0.1,30,4,1.0,0.0,8.625291398959236,0
0.2,30,2,1.0,0.0,6.115604939455619,0
0.2,30,3,0.7,0.2,14.683984420309677,1
0.2,30,4,0.5,0.0,45.390409031716395,5
0,31,2,1.0,0.0,4.602881017168957,0
0,31,3,0.9,0.1,6.6505866211695635,0
0,31,4,0.7,0.1,8.651153774082731,0
0.05,31,2,0.8,0.2,4.820788227444272,0
0.05,31,3,0.8,0.0,7.554105158870286,0
0.05,31,4,0.8,0.0,9.524080641162447,0
0.1,31,2,0.8,0.2,5.2710608427540535,0
0.1,31,3,0.9,0.0,8.548146621129462,0
0.1,31,4,0.8,0.1,12.093482541687312,0
0.2,31,2,0.7,0.3,7.827574629692177,0
0.2,31,3,0.6,0.1,23.29925951445809,3
0.2,31,4,0.3,0.0,87.45700395535043,7
0,32,2,0.9,0.1,4.290987924073758,0
0,32,3,0.8,0.1,7.173290487269004,0
0,32,4,0.9,0.0,8.433710250712327,0
0.05,32,2,0.7,0.3,5.22565119661208,0
0.05,32,3,0.8,0.2,6.737077108431964,0
0.05,32,4,0.6,0.0,10.2474758593217,0
0.1,32,2,1.0,0.0,4.661283040251908,0
0.1,32,3,0.9,0.0,7.119411157757662,0
0.1,32,4,0.4,0.2,16.430056016981357,0
0.2,32,2,0.9,0.1,6.776057702096549,0
0.2,32,3,0.4,0.4,22.43700495126411,2
0.2,32,4,0.4,0.0,60.390785576709916,6
0,33,2,1.0,0.0,3.7906318245679316,0
0,33,3,0.7,0.2,6.295481209154107,0
0,33,4,0.6,0.0,9.70007438380288,0
0.05,33,2,1.0,0.0,4.459263174017474,0
0.05,33,3,0.9,0.1,6.906195192014326,0
0.05,33,4,0.6,0.1,11.450191879624558,0
0.1,33,2,0.7,0.3,5.587558217131152,0
0.1,33,3,0.8,0.1,9.208111385700278,0
0.1,33,4,0.6,0.1,13.914710431815038,0
0.2,33,2,0.8,0.2,7.760097943780385,0
0.2,33,3,0.3,0.1,47.27492420855647,5
0.2,33,4,0.8,0.0,19.888328768781328,2
0,34,2,0.8,0.2,4.4910563767703096,0
0,34,3,0.6,0.3,7.387600135143991,0
0,34,4,1.0,0.0,9.38589319910046,0
0.05,34,2,1.0,0.0,4.617930460362107,0
0.05,34,3,0.9,0.1,7.209221915591245,0
0.05,34,4,0.8,0.0,10.007282088624061,0
0.1,34,2,0.8,0.2,5.959730189604762,0
0.1,34,3,0.9,0.0,6.974097504941372,0
0.1,34,4,0.8,0.1,13.117847543832116,0
0.2,34,2,0.7,0.3,7.262837510847715,0
0.2,34,3,0.7,0.2,15.69402085355143,0
0.2,34,4,0.8,0.0,21.516040264655455,2
0,35,2,1.0,0.0,4.632506645657902,0
0,35,3,0.8,0.1,6.6211875574047525,0
0,35,4,0.6,0.1,8.497824274528872,0
0.05,35,2,0.7,0.3,5.082819728420232,0
0.05,35,3,0.7,0.1,7.417618797623571,0
0.05,35,4,0.8,0.1,10.073168629342764,0
0.1,35,2,0.9,0.1,5.137029188512218,0
0.1,35,3,0.8,0.0,8.245934319308299,0
0.1,35,4,0.8,0.2,11.263824911756782,0
0.2,35,2,0.8,0.2,7.231755026404757,0
0.2,35,3,0.7,0.1,16.95435605026719,1
0.2,35,4,0.5,0.0,43.569940550758865,5
0,36,2,0.8,0.2,5.025975529756863,0
0,36,3,1.0,0.0,6.073505908559055,0
0,36,4,0.9,0.0,7.802962610009568,0
0.05,36,2,0.9,0.1,4.964280403618119,0
0.05,36,3,0.9,0.1,6.261817077962265,0
0.05,36,4,0.8,0.1,9.964907453329335,0
0.1,36,2,0.9,0.1,5.523980813180379,0
0.1,36,3,0.9,0.1,7.484428153752266,0
0.1,36,4,0.7,0.2,13.591640016878793,0
0.2,36,2,0.8,0.2,7.506248955189077,0
0.2,36,3,0.7,0.2,13.82780850270652,1
0.2,36,4,0.5,0.0,46.44766412838644,5
0,37,2,1.0,0.0,4.335886313189824,0
0,37,3,0.6,0.2,6.8670343380055785,0
0,37,4,1.0,0.0,8.349679346738641,0
0.05,37,2,0.9,0.1,4.688610617881638,0
0.05,37,3,0.8,0.2,7.721011934976389,0
0.05,37,4,0.7,0.0,11.182529338563466,0
0.1,37,2,0.9,0.1,4.8413094365651475,0
0.1,37,3,0.7,0.1,9.044829483972006,0
0.1,37,4,0.5,0.1,14.857961066130617,0
0.2,37,2,0.9,0.1,6.152469412229104,0
0.2,37,3,0.6,0.2,18.338008602387234,2
0.2,37,4,0.7,0.0,27.592645097357437,3
0,38,2,0.8,0.2,5.2189472697508466,0
0,38,3,1.0,0.0,5.802038046315753,0
0,38,4,0.8,0.1,9.095262477521757,0
0.05,38,2,1.0,0.0,4.872202399682298,0
0.05,38,3,0.5,0.4,8.432292540319922,0
0.05,38,4,0.8,0.0,9.728873112356023,0
0.1,38,2,1.0,0.0,5.150401241937919,0
0.1,38,3,0.8,0.2,8.10129187168289,0
0.1,38,4,0.8,0.1,13.514231638974442,0
0.2,38,2,0.9,0.0,8.742101017286371,1
0.2,38,3,0.7,0.2,13.240723828827118,0
0.2,38,4,0.6,0.0,34.89651128563042,4
0,39,2,0.9,0.1,4.552444750227729,0
0,39,3,0.6,0.2,8.028937329331228,0
0,39,4,0.6,0.2,9.606430245494078,0
0.05,39,2,0.7,0.3,5.855601931786911,0
0.05,39,3,0.8,0.1,6.598539935149465,0
0.05,39,4,0.8,0.1,9.875847651378384,0
0.1,39,2,1.0,0.0,5.25701897021884,0
0.1,39,3,0.8,0.1,7.455667467525247,0
0.1,39,4,0.8,0.0,13.707503316253431,0
0.2,39,2,0.7,0.3,7.501801730102225,0
0.2,39,3,0.4,0.2,27.635462784516523,3
0.2,39,4,0.3,0.0,85.30767331724151,7
0,40,2,0.7,0.3,5.623892143729988,0
0,40,3,0.8,0.1,6.879175163915346,0
0,40,4,0.7,0.2,9.982670972940708,0
0.05,40,2,0.8,0.2,5.484818632276732,0
0.05,40,3,1.0,0.0,6.717514036661129,0
0.05,40,4,0.9,0.0,10.10733212379662,0
0.1,40,2,0.9,0.1,5.58019346445081,0
0.1,40,3,0.6,0.1,9.70436637638365,0
0.1,40,4,0.7,0.2,13.21692302661352,0
0.2,40,2,0.7,0.3,7.965252912364446,0
0.2,40,3,0.8,0.0,13.835179966725649,1
0.2,40,4,0.5,0.0,45.58961064601424,5
0,41,2,0.8,0.2,5.200446009375325,0
0,41,3,1.0,0.0,6.07495091988415,0
0,41,4,0.8,0.0,8.73383581411626,0
0.05,41,2,0.9,0.1,5.101387847808114,0
0.05,41,3,0.9,0.0,7.30900191204393,0
0.05,41,4,0.8,0.1,10.392530676136868,0
0.1,41,2,0.9,0.1,5.311106092519433,0
0.1,41,3,0.8,0.2,8.790206023191365,0
0.1,41,4,0.6,0.1,12.94229633579674,0
0.2,41,2,1.0,0.0,5.073746320463456,0
0.2,41,3,0.7,0.1,14.188142503412301,1
0.2,41,4,0.6,0.0,35.55009746335022,4
0,42,2,1.0,0.0,4.312109805506788,0
0,42,3,0.6,0.3,7.7375456194783565,0
0,42,4,1.0,0.0,8.207729896071234,0
0.05,42,2,0.8,0.2,5.0633353888410015,0
0.05,42,3,0.9,0.1,7.790848267360109,0
0.05,42,4,0.7,0.3,10.037232588733156,0
0.1,42,2,0.8,0.2,5.945590214657686,0
0.1,42,3,0.7,0.1,9.085045415571113,0
0.1,42,4,0.4,0.1,17.768892021187632,0
0.2,42,2,0.6,0.4,7.68043892594458,0
0.2,42,3,0.4,0.1,35.86585007216599,4
0.2,42,4,0.5,0.0,40.945612001711886,5
0,43,2,0.7,0.3,5.1259716078435265,0
0,43,3,0.8,0.1,7.565044724850615,0
0,43,4,0.8,0.1,9.268938938369201,0
0.05,43,2,1.0,0.0,5.447151705919142,0
0.05,43,3,0.8,0.1,8.18199061834709,0
0.05,43,4,0.7,0.1,10.666963990432688,0
0.1,43,2,0.9,0.1,6.4003587655787895,0
0.1,43,3,0.8,0.1,9.494835836785771,0
0.1,43,4,0.4,0.1,16.632317853309225,0
0.2,43,2,1.0,0.0,5.489081687212368,0
0.2,43,3,0.8,0.0,17.351580117512245,2
0.2,43,4,0.6,0.0,34.29101911690635,4
0,44,2,1.0,0.0,4.515316949834689,0
0,44,3,0.8,0.2,6.773552093389848,0
0,44,4,0.7,0.1,9.657364607908333,0
0.05,44,2,1.0,0.0,4.855008663837948,0
0.05,44,3,0.9,0.1,7.178000291829538,0
0.05,44,4,0.9,0.1,8.909560698874484,0
0.1,44,2,0.8,0.2,6.128877159051106,0
0.1,44,3,0.7,0.3,10.282804352430194,0
0.1,44,4,0.7,0.1,12.987304103578328,0
0.2,44,2,0.8,0.2,7.0928994304682025,0
0.2,44,3,0.6,0.2,21.633533220935846,2
0.2,44,4,0.7,0.0,27.449648642182588,3
0,45,2,0.9,0.1,4.375985404132801,0
0,45,3,0.8,0.0,7.169979128561364,0
0,45,4,0.6,0.2,10.0752889875935,0
0.05,45,2,1.0,0.0,4.583351496952931,0
0.05,45,3,0.9,0.1,7.02926051499705,0
0.05,45,4,0.8,0.2,10.701931734418348,0
0.1,45,2,1.0,0.0,5.511416989480592,0
0.1,45,3,0.8,0.2,9.080936325663046,0
0.1,45,4,0.5,0.1,15.963899109754479,0
0.2,45,2,0.6,0.4,9.394280763840566,0
0.2,45,3,0.6,0.2,19.802037650392556,2
0.2,45,4,1.0,0.0,14.811056579370865,0
0,46,2,0.9,0.1,4.426191998806183,0
0,46,3,0.7,0.2,7.917136060388725,0
0,46,4,0.6,0.3,10.052962558954752,0
0.05,46,2,1.0,0.0,5.340723449548626,0
0.05,46,3,0.9,0.0,7.847806485073083,0
0.05,46,4,0.9,0.0,10.03769749584006,0
0.1,46,2,0.8,0.2,6.0681625311935665,0
0.1,46,3,0.9,0.0,8.331092444054152,0
0.1,46,4,0.9,0.1,11.038290571218896,0
0.2,46,2,0.9,0.1,6.446282061560204,0
0.2,46,3,0.8,0.0,16.65968623879857,2
0.2,46,4,0.4,0.0,63.74472783790838,6
0,47,2,1.0,0.0,4.934560517766075,0
0,47,3,1.0,0.0,5.778211477932759,0
0,47,4,0.6,0.1,10.362844736819534,0
0.05,47,2,0.9,0.1,5.293438178907835,0
0.05,47,3,0.9,0.1,7.315753457136711,0
0.05,47,4,0.6,0.0,11.895148504577609,0
0.1,47,2,0.8,0.2,6.186608586397754,0
0.1,47,3,0.7,0.2,10.35519964520365,0
0.1,47,4,0.7,0.2,13.536547517876361,0
0.2,47,2,0.8,0.2,7.061436059691036,0
0.2,47,3,0.5,0.1,32.51637107217257,4
0.2,47,4,0.4,0.0,60.265895631158145,6
0,48,2,0.9,0.1,5.120988493178532,0
0,48,3,0.9,0.0,7.230349090765462,0
0,48,4,0.8,0.1,8.709410075224097,0
0.05,48,2,0.9,0.1,4.829769804157897,0
0.05,48,3,0.8,0.1,8.532852040544999,0
0.05,48,4,0.8,0.1,11.091449485191841,0
0.1,48,2,0.8,0.2,6.2489835761355765,0
0.1,48,3,0.7,0.2,8.381373919811397,0
0.1,48,4,0.7,0.1,13.987275408321917,0
0.2,48,2,0.5,0.5,9.34098350843224,0
0.2,48,3,0.8,0.1,13.167659065856547,1
0.2,48,4,0.5,0.0,46.01421279119379,5
0,49,2,0.9,0.1,4.8958893016455765,0
0,49,3,0.6,0.2,8.0762548089875,0
0,49,4,0.5,0.1,10.522902056178012,0
0.05,49,2,0.9,0.1,5.387260623501608,0
0.05,49,3,0.9,0.0,8.538758984106831,0
0.05,49,4,0.8,0.1,10.159842208094462,0
0.1,49,2,0.8,0.2,5.769009224272524,0
0.1,49,3,0.8,0.1,9.418189870292283,0
0.1,49,4,0.8,0.0,13.394832423516311,0
0.2,49,2,0.9,0.1,6.811686925303844,0
0.2,49,3,0.9,0.0,13.586559777925896,1
0.2,49,4,0.5,0.0,48.898373203183354,5
0,50,2,1.0,0.0,4.702402064457706,0
0,50,3,1.0,0.0,5.870558556599773,0
0,50,4,0.7,0.0,10.239522209652403,0
0.05,50,2,0.8,0.2,5.752129003373358,0
0.05,50,3,0.6,0.1,9.158851981601757,0
0.05,50,4,0.7,0.1,11.698741812501005,0
0.1,50,2,0.8,0.2,6.193310172700771,0
0.1,50,3,0.9,0.1,8.132062639175867,0
0.1,50,4,0.6,0.1,14.730362398311517,0
0.2,50,2,0.9,0.1,6.437114899414858,0
0.2,50,3,0.8,0.1,13.502579153628378,0
0.2,50,4,0.5,0.0,48.67823724677911,5
0,51,2,0.8,0.2,4.990853213330439,0
0,51,3,0.7,0.3,7.826521077032245,0
0,51,4,0.9,0.0,9.849712961915753,0
0.05,51,2,0.9,0.1,5.940016762752884,0
0.05,51,3,0.9,0.1,9.252236440375574,0
0.05,51,4,1.0,0.0,11.58802198761186,0
0.1,51,2,0.8,0.2,6.096927565747579,0
0.1,51,3,0.9,0.1,8.575826044107902,0
0.1,51,4,0.8,0.0,11.661547366369257,0
0.2,51,2,1.0,0.0,6.251930961227524,0
0.2,51,3,0.6,0.2,22.026453808599996,2
0.2,51,4,0.6,0.0,33.24708189859434,4
0,52,2,1.0,0.0,4.744113295040107,0
0,52,3,1.0,0.0,6.971608250631062,0
0,52,4,0.8,0.1,10.426874005487315,0
0.05,52,2,0.9,0.1,5.074319520535122,0
0.05,52,3,0.8,0.2,9.06420361892302,0
0.05,52,4,1.0,0.0,9.112962385187922,0
0.1,52,2,0.9,0.1,5.410534475803921,0
0.1,52,3,0.6,0.1,11.08623532388973,0
0.1,52,4,0.6,0.1,15.819732429849475,0
0.2,52,2,1.0,0.0,6.037403398993004,0
0.2,52,3,0.2,0.1,47.76763222085965,5
0.2,52,4,0.8,0.0,19.3908327450537,2
0,53,2,0.9,0.1,5.39117997421714,0
0,53,3,0.9,0.0,6.875941773012781,0
0,53,4,0.5,0.1,10.979255346323294,0
0.05,53,2,0.7,0.3,5.647294571192458,0
0.05,53,3,0.9,0.0,8.181618160429107,0
0.05,53,4,0.8,0.0,11.966405962569567,0
0.1,53,2,1.0,0.0,5.4776154478959995,0
0.1,53,3,0.8,0.1,10.17262164921926,0
0.1,53,4,0.8,0.1,15.248145076506287,0
0.2,53,2,0.9,0.1,7.425234736700946,0
0.2,53,3,0.7,0.0,21.114310941024183,3
0.2,53,4,0.2,0.0,134.15046403030277,8
0,54,2,0.8,0.2,4.9786392934259425,0
0,54,3,0.9,0.1,7.853845943775579,0
0,54,4,0.9,0.0,8.902878707403744,0
0.05,54,2,0.9,0.1,5.469544424517041,0
0.05,54,3,0.8,0.1,8.354746317241476,0
0.05,54,4,0.7,0.2,11.647981289379105,0
0.1,54,2,1.0,0.0,4.9234659839231,0
0.1,54,3,0.5,0.2,11.429148025517485,0
0.1,54,4,0.9,0.0,12.137492997651549,0
0.2,54,2,0.8,0.1,11.486431841065773,1
0.2,54,3,0.4,0.3,30.610725930220667,3
0.2,54,4,0.5,0.0,47.96803383870478,5
0,55,2,0.8,0.2,5.273517833430067,0
0,55,3,0.4,0.2,8.368402962863106,0
0,55,4,0.8,0.1,9.672091593671315,0
0.05,55,2,0.8,0.2,5.42168309421887,0
0.05,55,3,0.8,0.1,8.118152452269232,0
0.05,55,4,0.8,0.0,10.669524075158217,0
0.1,55,2,1.0,0.0,5.324991717017279,0
0.1,55,3,0.9,0.1,8.720027324946669,0
0.1,55,4,0.6,0.2,14.210547774041833,0
0.2,55,2,0.6,0.4,10.798019913818427,0
0.2,55,3,0.8,0.0,14.883656840263424,1
0.2,55,4,0.5,0.0,49.529780613361986,5
0,56,2,0.8,0.2,5.193711541648694,0
0,56,3,0.9,0.0,6.608561150220583,0
0,56,4,0.9,0.1,9.252725162059697,0
0.05,56,2,0.8,0.2,5.49134677058363,0
0.05,56,3,0.8,0.1,7.820920030952903,0
0.05,56,4,0.6,0.4,12.252444210932786,0
0.1,56,2,0.7,0.3,6.842263827449931,0
0.1,56,3,0.7,0.3,10.452912712438263,0
0.1,56,4,0.6,0.3,16.991661494229014,0
0.2,56,2,0.8,0.1,9.991035280869493,1
0.2,56,3,0.6,0.0,32.8332791600046,4
0.2,56,4,0.5,0.0,46.082675611438376,5
0,57,2,1.0,0.0,4.891872994204381,0
0,57,3,1.0,0.0,6.565983323308629,0
0,57,4,0.9,0.1,9.005446065161683,0
0.05,57,2,0.8,0.2,5.305304427793784,0
0.05,57,3,1.0,0.0,7.593105918050773,0
0.05,57,4,0.8,0.0,12.123764393390019,0
0.1,57,2,0.9,0.1,5.424548593062839,0
0.1,57,3,0.9,0.1,9.466801856050353,0
0.1,57,4,0.6,0.1,18.286492673322197,1
0.2,57,2,0.8,0.1,10.59979161572122,1
0.2,57,3,0.8,0.1,15.468888165085925,1
0.2,57,4,0.8,0.0,26.583668988976683,2
0,58,2,0.8,0.2,5.277630579034766,0
0,58,3,0.8,0.1,7.087854457816674,0
0,58,4,0.7,0.2,10.507688193610463,0
0.05,58,2,0.6,0.4,6.349516498121888,0
0.05,58,3,0.9,0.0,7.462414758713699,0
0.05,58,4,0.8,0.0,10.651307825630116,0
0.1,58,2,0.9,0.1,5.719913179247254,0
0.1,58,3,0.9,0.0,9.684802864572264,0
0.1,58,4,0.5,0.1,17.390970054145356,0
0.2,58,2,0.8,0.2,9.394141909967896,0
0.2,58,3,0.5,0.1,32.102667253787935,4
0.2,58,4,0.6,0.0,34.52593377535464,4
0,59,2,1.0,0.0,5.655076275459897,0
0,59,3,0.9,0.0,7.2221662932618385,0
0,59,4,0.8,0.1,10.517729075020473,0
0.05,59,2,0.9,0.1,5.362791478726239,0
0.05,59,3,0.8,0.1,8.442794266416614,0
0.05,59,4,0.8,0.2,11.289455983238943,0
0.1,59,2,0.9,0.1,5.803454156979176,0
0.1,59,3,0.6,0.3,11.704783658129232,0
0.1,59,4,0.6,0.1,15.671929630481113,0
0.2,59,2,0.7,0.3,8.309426737438852,0
0.2,59,3,1.0,0.0,8.813013195529692,0
0.2,59,4,0.7,0.0,25.74991589954229,3
0,60,2,1.0,0.0,4.7110019175645785,0
0,60,3,0.9,0.1,7.216434753546193,0
0,60,4,0.8,0.0,9.2802816386132,0
0.05,60,2,1.0,0.0,5.207787077315411,0
0.05,60,3,0.7,0.2,9.757876412664988,0
0.05,60,4,0.6,0.2,12.956572119886399,0
0.1,60,2,1.0,0.0,5.021750412434511,0
0.1,60,3,0.7,0.1,11.585581596262461,0
0.1,60,4,0.7,0.0,14.360547938014642,0
0.2,60,2,0.6,0.4,8.769283225232503,0
0.2,60,3,0.8,0.0,15.695623830404097,1
0.2,60,4,0.8,0.0,23.045786462159032,2
0,61,2,0.7,0.3,5.464618780020304,0
0,61,3,0.9,0.0,7.590422671285721,0
0,61,4,0.7,0.1,10.572429782188733,0
0.05,61,2,0.8,0.2,5.553172663048932,0
0.05,61,3,0.8,0.1,7.8965421951241295,0
0.05,61,4,0.7,0.2,12.551724583344562,0
0.1,61,2,0.8,0.2,6.530053890190541,0
0.1,61,3,0.8,0.1,9.059974788874174,0
0.1,61,4,0.8,0.0,14.613825535136602,0
0.2,61,2,0.5,0.5,11.636209979369074,0
0.2,61,3,0.7,0.0,20.673674110997954,2
0.2,61,4,0.8,0.0,23.144084100774165,2
0,62,2,0.9,0.1,5.32394507324923,0
0,62,3,0.8,0.2,7.945153852174921,0
0,62,4,1.0,0.0,10.059741929882843,0
0.05,62,2,1.0,0.0,5.34600001919147,0
0.05,62,3,0.8,0.0,8.308506373026612,0
0.05,62,4,0.9,0.0,11.41289357771738,0
0.1,62,2,0.9,0.1,6.036196529933209,0
0.1,62,3,0.5,0.3,13.972920486726192,0
0.1,62,4,0.7,0.1,14.84144479456008,0
0.2,62,2,0.8,0.2,7.864276179901606,0
0.2,62,3,0.8,0.0,15.04467122932365,1
0.2,62,4,0.4,0.0,63.10662446492997,6
0,63,2,1.0,0.0,5.089803814875988,0
0,63,3,1.0,0.0,7.521545688799742,0
0,63,4,0.9,0.1,9.462701950821558,0
0.05,63,2,0.8,0.2,6.767203882228086,0
0.05,63,3,0.9,0.0,8.863438154017263,0
0.05,63,4,0.8,0.0,12.13517952030293,0
0.1,63,2,0.9,0.1,6.569784237566343,0
0.1,63,3,0.8,0.0,11.39206335927491,0
0.1,63,4,0.9,0.0,15.84569398014422,1
0.2,63,2,0.9,0.1,7.274267404865151,0
0.2,63,3,0.8,0.0,18.139829909452597,2
0.2,63,4,0.7,0.0,28.975590609117038,3
0,64,2,0.9,0.1,5.01877265595442,0
0,64,3,0.7,0.2,7.953832130976684,0
0,64,4,0.6,0.2,10.241286128814908,0
0.05,64,2,0.9,0.1,5.242121014578681,0
0.05,64,3,0.9,0.0,8.39324595857082,0
0.05,64,4,0.8,0.0,13.116111483990982,0
0.1,64,2,1.0,0.0,5.564591811754244,0
0.1,64,3,0.8,0.1,10.363218447921922,0
0.1,64,4,0.8,0.0,14.756933232113289,0
0.2,64,2,0.8,0.2,10.094524697813481,0
0.2,64,3,0.7,0.1,20.665908770462508,2
0.2,64,4,0.5,0.0,48.24292445187908,5
0,65,2,1.0,0.0,5.269879323445219,0
0,65,3,0.9,0.0,7.375432208441234,0
0,65,4,1.0,0.0,9.805624275479492,0
0.05,65,2,0.8,0.2,5.953586337306552,0
0.05,65,3,0.9,0.0,9.253738642087947,0
0.05,65,4,1.0,0.0,11.274594792539292,0
0.1,65,2,0.9,0.1,5.598012891377327,0
0.1,65,3,0.7,0.0,11.827079835309467,0
0.1,65,4,0.8,0.1,12.50579590715279,0
0.2,65,2,0.6,0.3,13.12106127016447,1
0.2,65,3,0.9,0.0,14.685864361583388,1
0.2,65,4,0.5,0.0,46.13624602686938,5
0,66,2,0.8,0.2,5.425003014647015,0
0,66,3,0.7,0.2,8.607991696356098,0
0,66,4,1.0,0.0,10.795583836806678,0
0.05,66,2,0.9,0.1,5.628221709911313,0
0.05,66,3,0.9,0.1,8.425540034052243,0
0.05,66,4,0.9,0.0,9.977576850608205,0
0.1,66,2,0.9,0.1,6.274778946125838,0
0.1,66,3,0.8,0.0,10.492710757102206,0
0.1,66,4,0.7,0.0,17.660277997764055,0
0.2,66,2,1.0,0.0,6.3689854513774025,0
0.2,66,3,0.8,0.0,21.14723191744754,2
0.2,66,4,0.5,0.0,45.04244978869648,5
0,67,2,1.0,0.0,5.438750898812739,0
0,67,3,0.4,0.3,9.51151742271314,0
0,67,4,1.0,0.0,9.68048674559428,0
0.05,67,2,1.0,0.0,5.591522697902375,0
0.05,67,3,0.9,0.1,8.427110611441007,0
0.05,67,4,0.7,0.1,12.777178859818122,0
0.1,67,2,1.0,0.0,5.416194962989653,0
0.1,67,3,0.6,0.1,10.420881336323493,0
0.1,67,4,0.6,0.0,16.311133521461944,0
0.2,67,2,0.9,0.1,7.661816381694959,0
0.2,67,3,1.0,0.0,9.892620069205917,0
0.2,67,4,0.7,0.0,29.823303745524633,3
0,68,2,0.8,0.2,6.123465712988659,0
0,68,3,0.9,0.0,7.153696702795702,0
0,68,4,0.7,0.2,10.244519273595282,0
0.05,68,2,0.9,0.1,6.074907928740753,0
0.05,68,3,0.7,0.1,9.270051043511021,0
0.05,68,4,0.9,0.0,11.068760722836657,0
0.1,68,2,0.7,0.3,6.782611397404293,0
0.1,68,3,0.6,0.2,11.241821052717015,0
0.1,68,4,0.5,0.1,17.14072057717339,0
0.2,68,2,0.7,0.3,9.78299024186297,0
0.2,68,3,0.8,0.0,19.390829300234962,2
0.2,68,4,0.7,0.0,27.67178998415284,3
0,69,2,1.0,0.0,4.744546407302138,0
0,69,3,0.9,0.0,7.506949356436498,0
0,69,4,0.9,0.1,10.331942414650968,0
0.05,69,2,0.9,0.1,5.788124482547314,0
0.05,69,3,0.9,0.0,8.629053468553883,0
0.05,69,4,0.8,0.0,13.320468506251554,0
0.1,69,2,0.7,0.3,6.475435492547914,0
0.1,69,3,0.6,0.2,11.825351359318255,0
0.1,69,4,0.8,0.0,14.251105743744219,0
0.2,69,2,0.8,0.2,8.0989042812635,0
0.2,69,3,0.7,0.1,21.082819316132944,2
0.2,69,4,0.7,0.0,31.621595048292924,3
0,70,2,0.8,0.2,5.184971190177658,0
0,70,3,0.7,0.2,8.43531705294011,0
0,70,4,0.7,0.1,11.021696971469945,0
0.05,70,2,0.9,0.1,5.684315535415785,0
0.05,70,3,0.7,0.3,9.952210786152964,0
0.05,70,4,0.9,0.0,12.114788990030705,0
0.1,70,2,0.9,0.1,5.718631381077758,0
0.1,70,3,0.8,0.1,10.764129992082086,0
0.1,70,4,0.9,0.1,14.474835313433868,0
0.2,70,2,0.9,0.1,8.551583473891707,0
0.2,70,3,0.7,0.0,23.771299220977617,3
0.2,70,4,0.6,0.0,41.81377667431084,4
0,71,2,0.8,0.2,5.8305493783291595,0
0,71,3,0.9,0.0,8.020837305256922,0
0,71,4,1.0,0.0,8.814021810303277,0
0.05,71,2,1.0,0.0,5.758202072314942,0
0.05,71,3,1.0,0.0,8.791893142315766,0
0.05,71,4,0.8,0.2,11.696359951388771,0
0.1,71,2,0.8,0.2,6.178430446485615,0
0.1,71,3,0.8,0.1,9.152831963837148,0
0.1,71,4,0.8,0.0,15.970717006615757,0
0.2,71,2,0.8,0.1,10.004169943932954,1
0.2,71,3,0.6,0.0,24.028161897488815,3
0.2,71,4,0.4,0.0,61.08037779148987,6
0,72,2,0.9,0.1,5.097236555463557,0
0,72,3,0.8,0.1,7.705405862756538,0
0,72,4,0.8,0.0,10.300412791755237,0
0.05,72,2,1.0,0.0,5.01949025730975,0
0.05,72,3,1.0,0.0,8.138537325367718,0
0.05,72,4,0.9,0.0,13.23531398962146,0
0.1,72,2,1.0,0.0,5.050191335367688,0
0.1,72,3,0.7,0.1,12.0779006453089,0
0.1,72,4,0.8,0.0,15.639673826236997,0
0.2,72,2,0.8,0.2,8.826596076041575,0
0.2,72,3,0.8,0.0,17.814828363303967,2
0.2,72,4,0.6,0.0,35.79004905866492,4
0,73,2,0.9,0.1,5.163777934344642,0
0,73,3,1.0,0.0,6.986668561922966,0
0,73,4,0.8,0.1,12.107497531069301,0
0.05,73,2,1.0,0.0,5.81151810024525,0
0.05,73,3,0.8,0.0,9.902341444876502,0
0.05,73,4,0.7,0.0,12.436537478246716,0
0.1,73,2,0.9,0.1,6.006336811358501,0
0.1,73,3,0.9,0.1,9.477130808302414,0
0.1,73,4,0.9,0.0,12.631042710271604,0
0.2,73,2,0.8,0.0,13.850359585116166,2
0.2,73,3,0.6,0.1,22.51756909232508,2
0.2,73,4,0.7,0.0,29.13188663418352,3
0,74,2,0.8,0.2,5.193704184735531,0
0,74,3,0.6,0.1,8.72182749500685,0
0,74,4,1.0,0.0,8.506254079541677,0
0.05,74,2,0.8,0.2,6.976941614361481,0
0.05,74,3,0.9,0.1,8.737123859990351,0
0.05,74,4,0.9,0.0,13.28311831400686,0
0.1,74,2,0.7,0.3,7.614931873989209,0
0.1,74,3,0.8,0.1,9.420363012904158,0
0.1,74,4,0.8,0.0,14.050498283368096,0
0.2,74,2,0.7,0.3,10.8203841179231,0
0.2,74,3,0.5,0.1,22.946637096569283,2
0.2,74,4,0.3,0.0,84.11726862789241,7
0,75,2,1.0,0.0,5.262361080661461,0
0,75,3,0.9,0.0,7.809951059132483,0
0,75,4,0.7,0.0,10.543337768747527,0
0.05,75,2,0.9,0.1,6.225294012254132,0
0.05,75,3,0.8,0.2,8.992322509182198,0
0.05,75,4,0.8,0.1,11.879422926833088,0
0.1,75,2,0.8,0.2,6.683883781172943,0
0.1,75,3,1.0,0.0,8.770814024888814,0
0.1,75,4,1.0,0.0,12.601685918813352,0
0.2,75,2,0.8,0.2,7.897126622136319,0
0.2,75,3,0.5,0.0,43.05158762809416,5
0.2,75,4,0.6,0.0,38.326871241900704,4
0,76,2,1.0,0.0,5.144575865685203,0
0,76,3,0.8,0.1,8.377909435955686,0
0,76,4,1.0,0.0,10.223930756286908,0
0.05,76,2,1.0,0.0,5.368495174828896,0
0.05,76,3,0.9,0.0,8.244908902785614,0
0.05,76,4,0.8,0.0,10.915274994537853,0
0.1,76,2,0.9,0.1,5.968320872879291,0
0.1,76,3,0.7,0.1,12.208471763885175,0
0.1,76,4,0.9,0.0,12.960484628122085,0
0.2,76,2,0.9,0.1,7.455933304176727,0
0.2,76,3,0.9,0.0,14.34168314295921,1
0.2,76,4,0.7,0.0,31.04402510153721,3
0,77,2,1.0,0.0,4.668839180244281,0
0,77,3,1.0,0.0,7.137535531781422,0
0,77,4,0.6,0.2,11.384768807096233,0
0.05,77,2,1.0,0.0,5.650148243420911,0
0.05,77,3,0.9,0.1,8.400520752209545,0
0.05,77,4,0.9,0.0,12.050859445433812,0
0.1,77,2,0.9,0.1,5.721526660197538,0
0.1,77,3,0.7,0.0,10.681399989490622,0
0.1,77,4,0.8,0.1,14.657777346419996,0
0.2,77,2,0.7,0.3,10.096105713460924,0
0.2,77,3,0.4,0.1,45.702498837386045,5
0.2,77,4,0.4,0.0,60.520418991818026,6
0,78,2,1.0,0.0,4.799328414603648,0
0,78,3,1.0,0.0,7.4985935131592125,0
0,78,4,0.7,0.1,10.35001082760002,0
0.05,78,2,0.8,0.2,6.47171664027457,0
0.05,78,3,1.0,0.0,8.44732812135068,0
0.05,78,4,0.9,0.0,11.508973922275672,0
0.1,78,2,0.8,0.2,6.838106523169344,0
0.1,78,3,0.8,0.1,10.940246195397474,0
0.1,78,4,0.7,0.2,15.672144308661354,0
0.2,78,2,0.9,0.1,8.652444476491587,0
0.2,78,3,0.5,0.2,21.227187677733426,1
0.2,78,4,0.7,0.0,29.19537156928514,3
0,79,2,1.0,0.0,4.753649093420506,0
0,79,3,0.9,0.0,7.818875042067947,0
0,79,4,0.8,0.0,10.731618328248148,0
0.05,79,2,0.7,0.3,6.436577940009603,0
0.05,79,3,0.8,0.1,9.25029252042789,0
0.05,79,4,0.8,0.0,12.30435521198182,0
0.1,79,2,1.0,0.0,5.349422280894302,0
0.1,79,3,0.9,0.0,9.445289906711965,0
0.1,79,4,0.8,0.1,14.473165124158502,0
0.2,79,2,0.6,0.4,10.855116748560674,0
0.2,79,3,1.0,0.0,11.595492826321117,0
0.2,79,4,0.4,0.0,63.22210751012552,6
0,80,2,0.9,0.1,5.295223741234757,0
0,80,3,0.9,0.0,8.740072837276756,0
0,80,4,1.0,0.0,10.297613408328683,0
0.05,80,2,0.9,0.1,5.8470510019056565,0
0.05,80,3,1.0,0.0,8.112403909986586,0
0.05,80,4,0.6,0.0,16.126841396075186,0
0.1,80,2,0.7,0.3,7.466916463895345,0
0.1,80,3,0.8,0.0,9.827252971884342,0
0.1,80,4,0.9,0.1,14.223264529827095,0
0.2,80,2,0.8,0.1,10.675080290344415,1
0.2,80,3,0.9,0.0,14.83382166816754,1
0.2,80,4,0.6,0.0,36.53420608568481,4
0,81,2,1.0,0.0,4.880142535325009,0
0,81,3,1.0,0.0,8.340296843585621,0
0,81,4,0.9,0.0,11.484175950174304,0
0.05,81,2,0.9,0.1,5.950901049079031,0
0.05,81,3,0.5,0.4,10.596109769139671,0
0.05,81,4,0.8,0.1,12.376208594489514,0
0.1,81,2,0.8,0.2,6.810936554580481,0
0.1,81,3,0.8,0.1,10.101162929124415,0
0.1,81,4,0.5,0.1,17.99163014374195,0
0.2,81,2,0.8,0.2,7.744873750868353,0
0.2,81,3,0.6,0.2,21.73358937567561,2
0.2,81,4,0.6,0.0,39.653198594486675,4
0,82,2,1.0,0.0,5.353255691106127,0
0,82,3,0.8,0.1,8.407513011311888,0
0,82,4,0.8,0.2,9.47491669143129,0
0.05,82,2,1.0,0.0,5.481084092275038,0
0.05,82,3,1.0,0.0,8.188127489325005,0
0.05,82,4,0.7,0.1,14.236349044152032,0
0.1,82,2,1.0,0.0,5.255398728905352,0
0.1,82,3,0.7,0.1,11.732327970666365,0
0.1,82,4,0.9,0.0,12.04022638629298,0
0.2,82,2,0.6,0.4,11.968402082087565,0
0.2,82,3,0.7,0.0,24.16705010500979,3
0.2,82,4,0.7,0.0,26.660431800694873,3
0,83,2,0.9,0.1,5.415659088511043,0
0,83,3,0.8,0.1,9.342775529967385,0
0,83,4,1.0,0.0,10.429238815639938,0
0.05,83,2,0.9,0.1,5.575947279580054,0
0.05,83,3,0.9,0.1,9.555369587248112,0
0.05,83,4,0.5,0.0,16.116730779645984,0
0.1,83,2,0.8,0.2,6.627320939489222,0
0.1,83,3,0.7,0.2,11.079522930934129,0
0.1,83,4,0.7,0.0,17.018972190875907,0
0.2,83,2,0.8,0.2,7.825201376302488,0
0.2,83,3,0.5,0.0,28.329989862496056,3
0.2,83,4,0.5,0.0,46.35937360555613,5
0,84,2,0.9,0.1,5.510129467865925,0
0,84,3,0.8,0.1,8.07783352104833,0
0,84,4,0.9,0.1,12.366930559608083,0
0.05,84,2,0.9,0.1,5.831475386001452,0
0.05,84,3,0.9,0.0,8.271490886919228,0
0.05,84,4,0.6,0.3,14.495236775618102,0
0.1,84,2,0.9,0.1,7.102716892520155,0
0.1,84,3,0.8,0.1,10.302499332213394,0
0.1,84,4,0.5,0.0,20.175051545704004,1
0.2,84,2,0.8,0.2,9.37456877026022,0
0.2,84,3,0.7,0.0,19.49871543327052,2
0.2,84,4,0.3,0.0,90.58955721317159,7
0,85,2,0.8,0.2,6.122694334754074,0
0,85,3,0.8,0.1,8.524271888105263,0
0,85,4,0.9,0.0,10.742683798708702,0
0.05,85,2,0.9,0.1,5.886841424799889,0
0.05,85,3,0.7,0.3,9.938665719772795,0
0.05,85,4,0.8,0.0,12.694538053098231,0
0.1,85,2,0.9,0.1,6.035420087414491,0
0.1,85,3,0.5,0.3,12.36945307915042,0
0.1,85,4,0.9,0.1,14.499652729141369,0
0.2,85,2,0.9,0.1,7.833668123123592,0
0.2,85,3,0.9,0.0,14.154638534311115,1
0.2,85,4,0.2,0.0,142.74952773014724,8
0,86,2,1.0,0.0,5.400621647110461,0
0,86,3,0.8,0.0,8.898604003034867,0
0,86,4,0.9,0.0,11.353661692799074,0
0.05,86,2,1.0,0.0,5.420726004137982,0
0.05,86,3,0.8,0.1,9.58535295084926,0
0.05,86,4,0.9,0.1,11.282216848181989,0
0.1,86,2,0.7,0.3,6.965407401700159,0
0.1,86,3,0.7,0.2,11.747080865756882,0
0.1,86,4,0.7,0.0,20.69071597536077,1
0.2,86,2,0.5,0.5,11.951483503828078,0
0.2,86,3,0.5,0.0,41.16606947085741,5
0.2,86,4,0.7,0.0,29.873879554777034,3
0,87,2,0.9,0.1,5.6723289413018,0
0,87,3,0.8,0.1,8.117445653179685,0
0,87,4,0.9,0.0,9.084728327859612,0
0.05,87,2,0.9,0.1,6.1657530463814405,0
0.05,87,3,0.9,0.0,9.070261878296838,0
0.05,87,4,0.7,0.0,14.61871227964233,0
0.1,87,2,1.0,0.0,5.6416532204029695,0
0.1,87,3,0.8,0.1,11.097297719909667,0
0.1,87,4,0.4,0.3,17.454201443555124,0
0.2,87,2,0.4,0.6,13.595567014003459,0
0.2,87,3,0.8,0.0,18.13411615041639,2
0.2,87,4,0.8,0.0,23.735915702065853,2
0,88,2,1.0,0.0,5.129069743530226,0
0,88,3,1.0,0.0,8.213841835792438,0
0,88,4,0.9,0.1,11.039065842431977,0
0.05,88,2,0.7,0.3,6.750484727309096,0
0.05,88,3,0.8,0.2,8.93582789095623,0
0.05,88,4,0.9,0.0,12.44790319648798,0
0.1,88,2,1.0,0.0,6.559834282098498,0
0.1,88,3,0.8,0.2,11.179893459464202,0
0.1,88,4,0.8,0.1,18.194358893533337,1
0.2,88,2,0.8,0.2,9.533865910681474,0
0.2,88,3,0.7,0.1,18.126425680711105,1
0.2,88,4,0.7,0.0,31.671537986499818,3
0,89,2,0.9,0.1,5.566484415825036,0
0,89,3,0.8,0.0,9.184363196139914,0
0,89,4,0.9,0.1,9.893995596879666,0
0.05,89,2,0.7,0.3,6.788701654046915,0
0.05,89,3,0.9,0.1,8.941808820309856,0
0.05,89,4,0.9,0.1,12.352438237570794,0
0.1,89,2,0.9,0.1,6.567007312081586,0
0.1,89,3,0.7,0.2,10.770598443470416,0
0.1,89,4,0.9,0.0,12.718133269138113,0
0.2,89,2,0.9,0.1,9.024843381675902,0
0.2,89,3,0.5,0.0,41.463578596069624,5
0.2,89,4,0.7,0.0,29.593574424613767,3
0,90,2,0.9,0.1,5.4116139344194405,0
0,90,3,0.8,0.1,8.747725936899458,0
0,90,4,1.0,0.0,9.234188158408928,0
0.05,90,2,0.9,0.1,6.1145675534036865,0
0.05,90,3,1.0,0.0,7.950225176625002,0
0.05,90,4,1.0,0.0,10.531196583166103,0
0.1,90,2,0.8,0.2,6.98310109552209,0
0.1,90,3,0.9,0.0,10.128870664649446,0
0.1,90,4,0.8,0.0,14.148134402457544,0
0.2,90,2,0.9,0.1,8.428785131713175,0
0.2,90,3,0.7,0.1,17.232969160108162,1
0.2,90,4,0.6,0.0,35.65140250531622,4
0,91,2,0.8,0.2,5.843966180737904,0
0,91,3,0.8,0.1,8.13842829099159,0
0,91,4,0.7,0.1,11.87511506943048,0
0.05,91,2,0.8,0.2,5.768696680234482,0
0.05,91,3,0.9,0.1,9.051239205218994,0
0.05,91,4,0.8,0.1,12.635287857917605,0
0.1,91,2,0.8,0.2,6.62703622182458,0
0.1,91,3,0.8,0.1,11.248844909053243,0
0.1,91,4,0.7,0.1,15.80651179291761,0
0.2,91,2,0.9,0.1,7.482388921315001,0
0.2,91,3,0.6,0.0,26.317191869229884,3
0.2,91,4,0.5,0.0,48.14625032288486,5
0,92,2,1.0,0.0,5.55443239483243,0
0,92,3,0.9,0.1,8.145703092708072,0
0,92,4,0.9,0.0,9.635494807503783,0
0.05,92,2,1.0,0.0,6.087696833912672,0
0.05,92,3,1.0,0.0,8.42620670541689,0
0.05,92,4,0.9,0.0,12.877681884683431,0
0.1,92,2,0.9,0.1,6.787029674140163,0
0.1,92,3,0.9,0.1,11.127084657046648,0
0.1,92,4,0.8,0.0,17.345881064624162,1
0.2,92,2,0.8,0.2,9.04039100407444,0
0.2,92,3,0.8,0.1,14.94198395372455,1
0.2,92,4,0.2,0.0,135.79793737303547,8
0,93,2,0.9,0.1,5.987506089604412,0
0,93,3,0.9,0.0,8.115742035328676,0
0,93,4,0.9,0.1,11.57483714352255,0
0.05,93,2,1.0,0.0,5.75293121553498,0
0.05,93,3,0.7,0.1,10.543281704884034,0
0.05,93,4,0.8,0.1,11.47399200461383,0
0.1,93,2,1.0,0.0,5.968944071152486,0
0.1,93,3,0.8,0.2,11.81008780721951,0
0.1,93,4,0.6,0.0,19.111045034199652,0
0.2,93,2,0.6,0.4,11.227385605110348,0
0.2,93,3,0.6,0.0,32.184988043624465,4
0.2,93,4,0.7,0.0,28.939188644083547,3
0,94,2,1.0,0.0,5.9147376608138185,0
0,94,3,0.9,0.1,9.100845081960358,0
0,94,4,0.9,0.0,10.65553319040965,0
0.05,94,2,1.0,0.0,5.87663410289068,0
0.05,94,3,0.8,0.1,8.960956904860337,0
0.05,94,4,0.7,0.0,14.186265330924675,0
0.1,94,2,0.8,0.2,7.213155364999627,0
0.1,94,3,0.9,0.1,11.147114985647177,0
0.1,94,4,0.8,0.0,16.890464548033098,0
0.2,94,2,0.8,0.2,9.718089420723903,0
0.2,94,3,1.0,0.0,11.718147263541887,0
0.2,94,4,0.8,0.0,23.950874470046664,2
0,95,2,1.0,0.0,5.035622205730594,0
0,95,3,0.9,0.0,8.856930434825266,0
0,95,4,1.0,0.0,10.060858903166523,0
0.05,95,2,1.0,0.0,6.074194153322141,0
0.05,95,3,0.8,0.1,9.667306730769354,0
0.05,95,4,0.9,0.0,11.664581794605974,0
0.1,95,2,0.8,0.2,6.681626292221969,0
0.1,95,3,0.8,0.0,11.097004851301893,0
0.1,95,4,0.9,0.0,13.131629787330846,0
0.2,95,2,0.7,0.3,8.940095524560721,0
0.2,95,3,0.8,0.0,19.190592091858047,2
0.2,95,4,0.3,0.0,85.35739072345298,7
0,96,2,0.9,0.1,6.013171559696802,0
0,96,3,0.9,0.0,8.037204637676417,0
0,96,4,0.9,0.1,10.752363320527339,0
0.05,96,2,0.8,0.2,6.398926285364642,0
0.05,96,3,0.9,0.1,9.00421624281493,0
0.05,96,4,0.8,0.0,12.925056367964936,0
0.1,96,2,0.8,0.2,6.459918608321945,0
0.1,96,3,0.7,0.2,10.959335783778265,0
0.1,96,4,0.6,0.1,16.980427027126417,0
0.2,96,2,0.8,0.2,10.656105094862705,0
0.2,96,3,0.7,0.0,26.387989762949985,3
0.2,96,4,0.7,0.0,33.63024024763849,3
0,97,2,0.9,0.1,6.043891074191598,0
0,97,3,1.0,0.0,7.690492257930548,0
0,97,4,0.8,0.0,11.399344020487437,0
0.05,97,2,0.9,0.1,6.1468389749619545,0
0.05,97,3,0.8,0.1,9.487728755998967,0
0.05,97,4,0.7,0.2,14.073604160688078,0
0.1,97,2,1.0,0.0,6.472540953826335,0
0.1,97,3,0.6,0.3,13.019227485130264,0
0.1,97,4,0.9,0.0,14.665888410480154,0
0.2,97,2,0.9,0.1,7.596631780616283,0
0.2,97,3,0.8,0.1,13.62209495040833,0
0.2,97,4,0.4,0.0,67.33634750279339,6
0,98,2,1.0,0.0,5.4473476590931345,0
0,98,3,1.0,0.0,8.328184389066775,0
0,98,4,0.8,0.1,10.903038529727677,0
0.05,98,2,1.0,0.0,5.148234088327891,0
0.05,98,3,0.9,0.1,9.06570171454356,0
0.05,98,4,0.8,0.1,12.206832744396156,0
0.1,98,2,1.0,0.0,6.3690491149862565,0
0.1,98,3,0.9,0.0,11.39591742586217,0
0.1,98,4,1.0,0.0,14.360207924956658,0
0.2,98,2,0.6,0.4,11.002187912564432,0
0.2,98,3,0.8,0.0,17.80320704055788,2
0.2,98,4,0.6,0.0,33.50311637189534,4
0,99,2,1.0,0.0,5.238096743207869,0
0,99,3,0.7,0.3,9.999787322727087,0
0,99,4,1.0,0.0,9.743107545573661,0
0.05,99,2,0.9,0.1,6.03142744912998,0
0.05,99,3,1.0,0.0,8.122829471554859,0
0.05,99,4,0.6,0.0,14.499267263568257,0
0.1,99,2,1.0,0.0,6.353715042413992,0
0.1,99,3,0.7,0.3,12.851546486729294,0
0.1,99,4,0.7,0.0,21.203721514875944,2
0.2,99,2,0.9,0.1,8.384078605467595,0
0.2,99,3,0.9,0.0,14.514745254774652,1
0.2,99,4,0.2,0.0,136.1441393296092,8
0,100,2,1.0,0.0,5.489639790786742,0
0,100,3,0.8,0.1,8.870253544631794,0
0,100,4,0.6,0.0,12.291527346451993,0
0.05,100,2,0.9,0.1,5.694429225836157,0
0.05,100,3,0.8,0.1,9.263343418047755,0
0.05,100,4,0.8,0.0,12.441975844774134,0
0.1,100,2,0.9,0.1,6.639707363470332,0
0.1,100,3,0.7,0.0,11.757897598278443,0
0.1,100,4,0.7,0.1,16.32754689098359,0
0.2,100,2,0.6,0.4,11.241365819786406,0
0.2,100,3,0.8,0.0,18.72119163622456,2
0.2,100,4,1.0,0.0,18.786281300669675,0
0,105,2,1.0,0.0,5.606434924975024,0
0,105,3,0.9,0.0,8.729482264706377,0
0,105,4,0.9,0.0,9.940902814448684,0
0.05,105,2,0.9,0.1,6.519871857608517,0
0.05,105,3,0.9,0.1,8.873660978664903,0
0.05,105,4,0.8,0.0,13.014332097447408,0
0.1,105,2,0.7,0.3,7.708748440574962,0
0.1,105,3,0.8,0.1,11.928114529466367,0
0.1,105,4,0.8,0.1,14.670415343774442,0
0.2,105,2,0.7,0.3,10.247197985159726,0
0.2,105,3,0.7,0.1,22.136349170983436,2
0.2,105,4,0.5,0.0,46.533590938750635,5
0,110,2,0.9,0.1,6.253683946069737,0
0,110,3,0.8,0.1,8.199849392604316,0
0,110,4,0.9,0.0,11.81046677991699,0
0.05,110,2,0.9,0.1,6.364504000587576,0
0.05,110,3,1.0,0.0,8.61842931843648,0
0.05,110,4,0.7,0.1,14.76481531213859,0
0.1,110,2,0.9,0.1,6.51283175971926,0
0.1,110,3,0.6,0.4,12.869597086705738,0
0.1,110,4,0.7,0.2,18.980114361573495,1
0.2,110,2,0.8,0.2,9.17546528599378,0
0.2,110,3,0.6,0.0,30.732303201572012,4
0.2,110,4,0.4,0.0,62.70270313965068,6
0,115,2,1.0,0.0,5.252313401055021,0
0,115,3,0.9,0.0,9.007069184642232,0
0,115,4,0.8,0.0,11.364896747868881,0
0.05,115,2,0.8,0.2,6.534265948639716,0
0.05,115,3,0.9,0.0,10.420435469229208,0
0.05,115,4,0.9,0.1,13.973641276762198,0
0.1,115,2,0.9,0.1,7.311063383678942,0
0.1,115,3,0.9,0.0,9.706364631854028,0
0.1,115,4,0.6,0.3,19.650914901279474,0
0.2,115,2,0.6,0.4,10.424848424298078,0
0.2,115,3,0.6,0.0,30.05301611381717,4
0.2,115,4,0.5,0.0,49.82891670246759,5
0,120,2,0.5,0.5,7.0519818207222045,0
0,120,3,0.8,0.2,8.84385544119348,0
0,120,4,0.7,0.2,12.516872199179513,0
0.05,120,2,1.0,0.0,5.152229577919788,0
0.05,120,3,0.9,0.0,10.467640290021395,0
0.05,120,4,0.9,0.1,13.430598174136147,0
0.1,120,2,0.8,0.2,7.559465577650248,0
0.1,120,3,0.8,0.1,11.6540857755837,0
0.1,120,4,0.6,0.1,23.050363758397697,1
0.2,120,2,0.9,0.1,8.94916774254597,0
0.2,120,3,0.6,0.0,30.453208766659216,4
0.2,120,4,0.5,0.0,47.67156099504483,5
0,125,2,1.0,0.0,6.258503393140581,0
0,125,3,0.7,0.1,9.163666936800723,0
0,125,4,1.0,0.0,11.899089145916134,0
0.05,125,2,0.9,0.1,6.135156522700641,0
0.05,125,3,0.9,0.1,10.065361598227543,0
0.05,125,4,0.8,0.0,14.224848450086725,0
0.1,125,2,0.6,0.4,8.402672172722843,0
0.1,125,3,0.6,0.1,13.147193675079867,0
0.1,125,4,0.8,0.0,22.680271609040023,2
0.2,125,2,0.7,0.3,10.643549655029492,0
0.2,125,3,0.6,0.1,27.208798231822964,3
0.2,125,4,0.4,0.0,63.2250617701603,6
0,130,2,1.0,0.0,5.669757785106362,0
0,130,3,0.9,0.1,8.177104015286861,0
0,130,4,1.0,0.0,10.912809324961314,0
0.05,130,2,1.0,0.0,6.537062807343766,0
0.05,130,3,0.9,0.0,9.967258249926944,0
0.05,130,4,0.8,0.0,14.351777517653346,0
0.1,130,2,0.7,0.3,8.033827036049814,0
0.1,130,3,0.8,0.1,11.24777471562206,0
0.1,130,4,0.5,0.0,27.458209403446386,2
0.2,130,2,0.7,0.3,10.619743546682324,0
0.2,130,3,0.6,0.0,34.02863020736128,4
0.2,130,4,0.6,0.0,37.65983446437768,4
0,135,2,0.9,0.1,5.980500625339888,0
0,135,3,1.0,0.0,8.33134438814849,0
0,135,4,0.9,0.1,11.158134436642182,0
0.05,135,2,1.0,0.0,5.968292155613041,0
0.05,135,3,0.8,0.1,10.364010903424958,0
0.05,135,4,0.8,0.0,13.16559396778106,0
0.1,135,2,0.9,0.1,7.178105343665969,0
0.1,135,3,1.0,0.0,10.152988625568533,0
0.1,135,4,0.7,0.0,17.449675159497023,0
0.2,135,2,0.7,0.3,10.973670425203084,0
0.2,135,3,0.5,0.0,36.098176591141005,4
0.2,135,4,0.5,0.0,47.95281249192356,5
0,140,2,1.0,0.0,5.6336774113322825,0
0,140,3,0.8,0.2,8.87921630050326,0
0,140,4,0.9,0.1,11.82456043201279,0
0.05,140,2,1.0,0.0,5.974645847856962,0
0.05,140,3,1.0,0.0,9.20349672948567,0
0.05,140,4,0.7,0.1,16.556482914939835,0
0.1,140,2,0.8,0.2,7.508583494218084,0
0.1,140,3,1.0,0.0,10.56114666775826,0
0.1,140,4,0.9,0.1,13.917557450298187,0
0.2,140,2,0.8,0.2,8.90974858240379,0
0.2,140,3,0.3,0.0,82.04890679003928,7
0.2,140,4,0.6,0.0,37.86820259558075,4
0,145,2,1.0,0.0,5.1400858927939534,0
0,145,3,0.9,0.1,8.787375305716246,0
0,145,4,0.9,0.0,12.599945695488218,0
0.05,145,2,0.9,0.1,6.776788610333878,0
0.05,145,3,0.8,0.0,10.560313560572565,0
0.05,145,4,0.8,0.2,13.463710808425954,0
0.1,145,2,0.8,0.2,7.947815733561842,0
0.1,145,3,0.7,0.3,12.842642380958543,0
0.1,145,4,0.8,0.2,16.880349623078253,0
0.2,145,2,0.8,0.2,9.562028155374449,0
0.2,145,3,0.8,0.0,18.961954513580007,2
0.2,145,4,0.4,0.0,66.17445951010532,6
0,150,2,1.0,0.0,5.549178531878879,0
0,150,3,0.9,0.1,9.74561124986532,0
0,150,4,0.9,0.1,11.508175887993104,0
0.05,150,2,0.9,0.1,6.38152490405359,0
0.05,150,3,1.0,0.0,9.427309149221978,0
0.05,150,4,0.8,0.0,13.639915327821626,0
0.1,150,2,0.9,0.1,6.708091654583716,0
0.1,150,3,0.8,0.1,10.980010681213182,0
0.1,150,4,0.6,0.1,21.68516569957498,1
0.2,150,2,0.8,0.2,11.533975438365946,0
0.2,150,3,0.7,0.0,23.409894928082927,3
0.2,150,4,0.6,0.0,37.54033167741206,4
0,155,2,0.9,0.1,5.822921747692375,0
0,155,3,1.0,0.0,8.504757648262736,0
0,155,4,1.0,0.0,12.20650452039302,0
0.05,155,2,1.0,0.0,5.831680240615219,0
0.05,155,3,0.9,0.1,9.666958943826993,0
0.05,155,4,0.9,0.0,13.689199226296694,0
0.1,155,2,0.9,0.1,6.902160769499309,0
0.1,155,3,0.7,0.1,13.57991819649337,0
0.1,155,4,1.0,0.0,13.576040258572089,0
0.2,155,2,0.9,0.1,9.621757895884326,0
0.2,155,3,0.7,0.0,26.754538536902043,3
0.2,155,4,0.5,0.0,48.15472199653051,5
0,160,2,0.9,0.1,6.044903151878516,0
0,160,3,1.0,0.0,9.238908143661714,0
0,160,4,0.8,0.0,12.262675962495297,0
0.05,160,2,0.9,0.1,6.1544094882061,0
0.05,160,3,0.9,0.0,10.033544286934648,0
0.05,160,4,0.7,0.1,15.178759817062073,0
0.1,160,2,0.7,0.3,8.740043687542014,0
0.1,160,3,0.9,0.0,11.738020896261617,0
0.1,160,4,1.0,0.0,14.24324641213093,0
0.2,160,2,0.9,0.1,9.210250974238582,0
0.2,160,3,0.8,0.0,20.302769339105144,2
0.2,160,4,0.4,0.0,65.31512618225571,6
0,165,2,1.0,0.0,5.962295722215531,0
0,165,3,1.0,0.0,9.721328543533241,0
0,165,4,1.0,0.0,11.168518303868533,0
0.05,165,2,1.0,0.0,5.701213300865801,0
0.05,165,3,0.9,0.0,10.010545461588361,0
0.05,165,4,0.8,0.0,15.258508668746291,0
0.1,165,2,1.0,0.0,7.536241768800889,0
0.1,165,3,0.8,0.1,12.010935621857696,0
0.1,165,4,0.5,0.0,22.00488539239863,0
0.2,165,2,0.7,0.3,11.509167356939937,0
0.2,165,3,0.5,0.0,40.756471734967505,5
0.2,165,4,0.3,0.0,88.84311868808203,7
0,170,2,1.0,0.0,5.798010087562295,0
0,170,3,1.0,0.0,10.047439575014797,0
0,170,4,0.9,0.1,13.25786013652567,0
0.05,170,2,0.8,0.2,7.887640004113275,0
0.05,170,3,0.6,0.1,12.66883095213493,0
0.05,170,4,0.7,0.0,15.398832987856945,0
0.1,170,2,0.7,0.3,9.070453364184953,0
0.1,170,3,0.8,0.2,13.070753185372903,0
0.1,170,4,0.7,0.1,20.59017825250307,1
0.2,170,2,0.8,0.2,10.185160848429769,0
0.2,170,3,0.7,0.0,26.337932402419533,3
0.2,170,4,0.5,0.0,49.036350634416394,5
0,175,2,1.0,0.0,5.72703185554419,0
0,175,3,0.8,0.2,10.109802727449438,0
0,175,4,0.9,0.1,12.551587308812618,0
0.05,175,2,0.9,0.1,6.8452893021731285,0
0.05,175,3,0.9,0.0,10.7862219610196,0
0.05,175,4,0.8,0.1,14.900820821327326,0
0.1,175,2,0.9,0.1,7.580562828258141,0
0.1,175,3,0.8,0.1,12.155516966584788,0
0.1,175,4,0.7,0.1,22.2913001113521,2
0.2,175,2,0.6,0.2,17.412244532012036,2
0.2,175,3,0.7,0.0,25.516943972066176,3
0.2,175,4,0.5,0.0,45.97280647951335,5
0,180,2,1.0,0.0,6.456741727366347,0
0,180,3,1.0,0.0,9.241793318355308,0
0,180,4,0.9,0.0,11.59471542558281,0
0.05,180,2,0.9,0.1,7.276313055224833,0
0.05,180,3,0.9,0.0,10.440915272583094,0
0.05,180,4,0.7,0.1,14.40198905229837,0
0.1,180,2,1.0,0.0,6.384473006583801,0
0.1,180,3,0.9,0.0,10.859073960204881,0
0.1,180,4,0.7,0.2,18.809640509634114,0
0.2,180,2,0.5,0.5,12.809601146102523,0
0.2,180,3,0.5,0.0,41.87451646244312,5
0.2,180,4,0.6,0.0,38.03871711242049,4
0,185,2,0.8,0.2,6.939326788810817,0
0,185,3,0.9,0.1,9.84217773121907,0
0,185,4,0.7,0.1,13.163114390567605,0
0.05,185,2,0.9,0.1,6.767347207542445,0
0.05,185,3,0.9,0.0,11.50930402846441,0
0.05,185,4,0.9,0.0,13.690355195502102,0
0.1,185,2,0.9,0.1,7.757483237750182,0
0.1,185,3,0.7,0.2,12.417886034686086,0
0.1,185,4,0.7,0.0,26.117793778540324,2
0.2,185,2,0.7,0.3,11.797131127338806,0
0.2,185,3,0.8,0.0,20.613575903579342,2
0.2,185,4,0.2,0.0,136.249272857265,8
0,190,2,0.9,0.1,6.333691879033468,0
0,190,3,1.0,0.0,9.164419320106536,0
0,190,4,0.8,0.0,13.355144894148722,0
0.05,190,2,0.8,0.2,7.100699751893593,0
0.05,190,3,0.9,0.0,10.560707354525197,0
0.05,190,4,0.8,0.0,15.71405344764842,0
0.1,190,2,1.0,0.0,7.35588144363012,0
0.1,190,3,0.8,0.0,12.597894341634195,0
0.1,190,4,0.8,0.1,18.549721131431895,1
0.2,190,2,0.8,0.2,9.295386509598602,0
0.2,190,3,0.7,0.0,26.00655092097922,3
0.2,190,4,0.5,0.0,51.80685781936192,5
0,195,2,1.0,0.0,5.4425847149571975,0
0,195,3,1.0,0.0,9.087930026229806,0
0,195,4,0.7,0.0,12.895505587980498,0
0.05,195,2,1.0,0.0,6.934407426951883,0
0.05,195,3,0.9,0.0,10.643579946464474,0
0.05,195,4,1.0,0.0,12.980030168141488,0
0.1,195,2,0.8,0.2,8.27935027403715,0
0.1,195,3,0.9,0.0,12.458267738388647,0
0.1,195,4,0.9,0.0,16.697303936639408,1
0.2,195,2,1.0,0.0,7.568135639173638,0
0.2,195,3,0.6,0.0,31.802445289680293,4
0.2,195,4,0.6,0.0,37.124574821938005,4
0,200,2,1.0,0.0,6.858444176112721,0
0,200,3,0.6,0.1,10.493043757126802,0
0,200,4,0.8,0.0,13.263765945861854,0
0.05,200,2,1.0,0.0,6.812376327326042,0
0.05,200,3,0.8,0.1,10.842720663979318,0
0.05,200,4,0.7,0.3,17.78422968621456,0
0.1,200,2,0.9,0.1,8.195903368241078,0
0.1,200,3,1.0,0.0,11.481517924382626,0
0.1,200,4,0.8,0.0,19.110944729446647,1
0.2,200,2,0.8,0.2,10.461449177227149,0
0.2,200,3,0.7,0.0,26.026799181603867,3
0.2,200,4,0.3,0.0,91.38439721125876,7
0,205,2,1.0,0.0,6.204102066721983,0
0,205,3,0.8,0.1,10.761263838265009,0
0,205,4,0.8,0.1,14.515114656262318,0
0.05,205,2,1.0,0.0,7.099478461164061,0
0.05,205,3,0.8,0.1,11.90842602904276,0
0.05,205,4,0.9,0.0,14.106023747832324,0
0.1,205,2,1.0,0.0,6.7547977445630085,0
0.1,205,3,0.8,0.1,12.308987240954279,0
0.1,205,4,1.0,0.0,15.3339418269882,0
0.2,205,2,0.7,0.3,12.64631700512442,0
0.2,205,3,0.8,0.0,20.80260534826606,2
0.2,205,4,0.5,0.0,49.91345328952131,5
0,210,2,1.0,0.0,6.571438981747354,0
0,210,3,0.9,0.0,10.24479034316796,0
0,210,4,1.0,0.0,11.574628597839157,0
0.05,210,2,0.8,0.2,7.521201979288001,0
0.05,210,3,0.8,0.2,11.737911544869347,0
0.05,210,4,0.9,0.1,14.353370273471677,0
0.1,210,2,0.7,0.3,8.394470999808394,0
0.1,210,3,0.9,0.1,12.307369999737102,0
0.1,210,4,0.7,0.1,22.109913571936787,2
0.2,210,2,0.8,0.2,10.102815860005869,0
0.2,210,3,0.7,0.0,30.324810704370414,3
0.2,210,4,0.4,0.0,67.50272762822476,6
0,215,2,1.0,0.0,6.360889992283697,0
0,215,3,0.8,0.1,10.260242503587309,0
0,215,4,1.0,0.0,11.337625549519348,0
0.05,215,2,0.9,0.1,6.76479749666953,0
0.05,215,3,0.8,0.2,11.129023257591342,0
0.05,215,4,0.9,0.0,13.765751820715902,0
0.1,215,2,0.8,0.2,9.43577447307642,0
0.1,215,3,0.5,0.3,16.823904224688714,0
0.1,215,4,0.6,0.1,30.092241304925572,3
0.2,215,2,0.9,0.1,8.621211969295308,0
0.2,215,3,0.5,0.0,45.450509877963,5
0.2,215,4,0.7,0.0,33.12576595185171,3
0,220,2,0.9,0.1,6.995718399682653,0
0,220,3,0.9,0.0,9.492463193163385,0
0,220,4,1.0,0.0,12.125653512523892,0
0.05,220,2,1.0,0.0,6.487465591709567,0
0.05,220,3,0.7,0.1,12.103471340380562,0
0.05,220,4,0.8,0.0,15.783562599558337,0
0.1,220,2,1.0,0.0,7.025869859634852,0
0.1,220,3,0.9,0.0,11.5803163196616,0
0.1,220,4,0.7,0.1,22.44799921250746,1
0.2,220,2,0.6,0.4,13.732270563875616,0
0.2,220,3,0.7,0.0,25.208476115793967,3
0.2,220,4,0.7,0.0,35.20533643602504,3
0,225,2,1.0,0.0,6.187593353832076,0
0,225,3,1.0,0.0,10.233860537552157,0
0,225,4,0.9,0.1,12.553345936010706,0
0.05,225,2,0.9,0.1,6.747247147178676,0
0.05,225,3,0.8,0.2,10.977009903850123,0
0.05,225,4,0.9,0.1,15.321358364924247,0
0.1,225,2,0.8,0.2,8.050607807722587,0
0.1,225,3,0.9,0.0,13.695417610827286,0
0.1,225,4,0.6,0.0,35.09083819615977,4
0.2,225,2,0.7,0.3,11.95440550034068,0
0.2,225,3,0.7,0.0,25.89292961159871,3
0.2,225,4,0.7,0.0,31.821629810786913,3
0,230,2,1.0,0.0,6.164532185337394,0
0,230,3,1.0,0.0,9.29505310145284,0
0,230,4,1.0,0.0,11.626564733727424,0
0.05,230,2,1.0,0.0,7.2198103138757945,0
0.05,230,3,0.8,0.2,11.853893886132516,0
0.05,230,4,0.8,0.1,16.36071455475767,0
0.1,230,2,0.9,0.1,7.8721289563892585,0
0.1,230,3,0.8,0.1,12.748804262584681,0
0.1,230,4,0.8,0.0,21.24405963138116,2
0.2,230,2,0.8,0.1,13.872371006054538,1
0.2,230,3,0.8,0.0,22.773031811725325,2
0.2,230,4,0.5,0.0,50.05635428183497,5
0,235,2,0.9,0.1,6.988979181332029,0
0,235,3,0.9,0.0,10.522494809960945,0
0,235,4,1.0,0.0,12.253722089844768,0
0.05,235,2,0.9,0.1,7.429254268417553,0
0.05,235,3,1.0,0.0,10.927983971877833,0
0.05,235,4,0.9,0.0,16.434614027711802,0
0.1,235,2,1.0,0.0,7.612484859597802,0
0.1,235,3,0.9,0.0,12.301313066279194,0
0.1,235,4,0.7,0.2,22.146846398475688,1
0.2,235,2,0.8,0.1,11.297430789150301,1
0.2,235,3,0.8,0.0,21.70413616861957,2
0.2,235,4,0.4,0.0,63.72971113438832,6
0,240,2,1.0,0.0,6.553721856812447,0
0,240,3,0.9,0.1,9.976570980586882,0
0,240,4,0.9,0.0,13.799942924371322,0
0.05,240,2,1.0,0.0,6.453869674794011,0
0.05,240,3,0.6,0.2,12.920612384206612,0
0.05,240,4,0.8,0.0,15.438527089160285,0
0.1,240,2,0.9,0.1,7.162722409568225,0
0.1,240,3,0.8,0.1,12.584828680778894,0
0.1,240,4,0.5,0.0,31.88017549348518,3
0.2,240,2,1.0,0.0,7.630808121460714,0
0.2,240,3,0.9,0.0,15.886503151771368,1
0.2,240,4,0.3,0.0,86.80760230403128,7
0,245,2,1.0,0.0,5.978815654981599,0
0,245,3,0.8,0.2,10.529430637352153,0
0,245,4,1.0,0.0,11.91925899780276,0
0.05,245,2,1.0,0.0,6.919638508463462,0
0.05,245,3,1.0,0.0,10.927188057892087,0
0.05,245,4,0.8,0.1,15.769029743751826,0
0.1,245,2,1.0,0.0,7.01791818376052,0
0.1,245,3,0.8,0.0,13.15654738321366,0
0.1,245,4,0.9,0.0,19.448007242845275,1
0.2,245,2,1.0,0.0,9.013964314594617,0
0.2,245,3,0.5,0.0,43.47515081606512,5
0.2,245,4,0.7,0.0,34.10083326240173,3
0,250,2,1.0,0.0,6.588199746698242,0
0,250,3,1.0,0.0,9.043562213532988,0
0,250,4,1.0,0.0,12.098680602564567,0
0.05,250,2,0.9,0.1,7.462221949418731,0
0.05,250,3,0.9,0.1,11.409063591327277,0
0.05,250,4,0.8,0.0,15.411026399714618,0
0.1,250,2,0.7,0.3,8.96945815199331,0
0.1,250,3,0.8,0.2,13.8411523792653,0
0.1,250,4,0.8,0.0,22.104976209011824,2
0.2,250,2,1.0,0.0,7.986872901253913,0
0.2,250,3,0.6,0.0,33.104234307460146,4
0.2,250,4,0.5,0.0,49.661886807690415,5
0,255,2,1.0,0.0,6.712740202495956,0
0,255,3,0.9,0.1,11.120499967562344,0
0,255,4,0.9,0.0,13.668880966081087,0
0.05,255,2,0.8,0.2,8.14538352003007,0
0.05,255,3,0.8,0.1,10.909892244654689,0
0.05,255,4,0.9,0.1,16.684874453183568,0
0.1,255,2,1.0,0.0,8.286292403561252,0
0.1,255,3,0.6,0.2,15.715882916409356,0
0.1,255,4,0.9,0.0,18.010772954336353,1
0.2,255,2,0.6,0.4,12.386253984026588,0
0.2,255,3,0.7,0.0,27.06757433933821,3
0.2,255,4,0.4,0.0,65.44708919364464,6
0,260,2,0.9,0.1,6.906265443735921,0
0,260,3,0.9,0.0,9.391728659490937,0
0,260,4,0.9,0.1,13.363141629016326,0
0.05,260,2,0.9,0.1,7.300965180222539,0
0.05,260,3,1.0,0.0,11.50509112210353,0
0.05,260,4,0.9,0.0,15.64129017263674,0
0.1,260,2,1.0,0.0,6.878251910914335,0
0.1,260,3,0.8,0.2,12.607931131375727,0
0.1,260,4,0.4,0.0,60.84133135066677,6
0.2,260,2,0.7,0.3,12.3635958419112,0
0.2,260,3,0.9,0.0,17.333197187284156,1
0.2,260,4,0.2,0.0,142.30594729062645,8
0,265,2,0.9,0.1,6.617337657391225,0
0,265,3,1.0,0.0,9.527687201835088,0
0,265,4,0.9,0.0,13.559266304298934,0
0.05,265,2,0.7,0.3,8.352893149921702,0
0.05,265,3,1.0,0.0,9.829085936452506,0
0.05,265,4,0.9,0.1,16.045523660118775,0
0.1,265,2,0.9,0.1,6.963155585059688,0
0.1,265,3,0.6,0.2,15.852601144711338,0
0.1,265,4,0.8,0.1,20.88015713509661,1
0.2,265,2,1.0,0.0,8.288781081270082,0
0.2,265,3,0.9,0.0,16.374312684762668,1
0.2,265,4,0.4,0.0,62.53182425055825,6
0,270,2,1.0,0.0,6.242635319055566,0
0,270,3,0.8,0.2,10.419038318257964,0
0,270,4,0.8,0.0,13.543879245893397,0
0.05,270,2,0.9,0.1,7.381472707185784,0
0.05,270,3,1.0,0.0,10.759969601584542,0
0.05,270,4,0.9,0.0,13.693299643191661,0
0.1,270,2,1.0,0.0,7.500938970574363,0
0.1,270,3,0.7,0.1,14.694231181285579,0
0.1,270,4,1.0,0.0,18.660706642360346,0
0.2,270,2,0.7,0.3,12.171876632662123,0
0.2,270,3,0.5,0.0,42.16000029299319,5
0.2,270,4,0.4,0.0,63.230912959153336,6
0,275,2,1.0,0.0,6.626232636472284,0
0,275,3,1.0,0.0,8.382276440044194,0
0,275,4,0.9,0.0,13.279016444961414,0
0.05,275,2,1.0,0.0,6.558704713752952,0
0.05,275,3,0.9,0.1,11.309338620280231,0
0.05,275,4,1.0,0.0,13.504860878689291,0
0.1,275,2,0.9,0.1,7.522472382416199,0
0.1,275,3,0.8,0.1,14.959980255204176,0
0.1,275,4,0.7,0.0,24.78134165725677,2
0.2,275,2,0.6,0.3,15.176562054546935,1
0.2,275,3,0.7,0.0,25.6883394401726,3
0.2,275,4,0.4,0.0,64.30327582309306,6
0,280,2,1.0,0.0,6.627030073395424,0
0,280,3,0.9,0.1,9.694415556101697,0
0,280,4,0.9,0.0,13.194836768466814,0
0.05,280,2,0.9,0.1,7.021862905129974,0
0.05,280,3,1.0,0.0,11.309567970794623,0
0.05,280,4,0.8,0.0,17.134945702725624,0
0.1,280,2,0.9,0.1,8.194734807256781,0
0.1,280,3,0.8,0.0,13.793271068870363,0
0.1,280,4,0.9,0.0,17.802869912766063,0
0.2,280,2,0.9,0.0,11.433742865358079,1
0.2,280,3,0.5,0.0,45.19386854528593,5
0.2,280,4,0.4,0.0,67.1295261248067,6
0,285,2,1.0,0.0,5.8839697999283676,0
0,285,3,1.0,0.0,9.80805837966781,0
0,285,4,0.9,0.0,13.486423945773614,0
0.05,285,2,1.0,0.0,7.010487121262855,0
0.05,285,3,0.9,0.1,10.817945551725895,0
0.05,285,4,0.9,0.1,15.744323846572161,0
0.1,285,2,0.9,0.1,8.371026599933325,0
0.1,285,3,0.7,0.2,15.571667852229513,0
0.1,285,4,0.4,0.0,60.67988160878287,6
0.2,285,2,0.9,0.1,10.40866807043456,0
0.2,285,3,0.5,0.0,44.931117813293966,5
0.2,285,4,0.5,0.0,52.816447853483055,5
0,290,2,1.0,0.0,6.795347742059844,0
0,290,3,1.0,0.0,8.821255650756218,0
0,290,4,0.9,0.1,13.373133000550988,0
0.05,290,2,1.0,0.0,6.902545764630143,0
0.05,290,3,1.0,0.0,10.071391542956832,0
0.05,290,4,0.7,0.1,16.729800773601347,0
0.1,290,2,0.9,0.1,8.829307969768838,0
0.1,290,3,0.9,0.1,12.402450228182795,0
0.1,290,4,0.7,0.0,27.52498226528163,3
0.2,290,2,0.6,0.4,13.139641557968087,0
0.2,290,3,0.8,0.0,21.172566993367965,2
0.2,290,4,0.6,0.0,42.509301481085124,4
0,295,2,1.0,0.0,6.912506209381195,0
0,295,3,0.8,0.2,11.16996946850105,0
0,295,4,1.0,0.0,12.681332584727924,0
0.05,295,2,0.9,0.1,8.206465282960398,0
0.05,295,3,0.9,0.1,10.187847301265169,0
0.05,295,4,1.0,0.0,13.972811546518964,0
0.1,295,2,0.7,0.3,9.078768157682479,0
0.1,295,3,0.7,0.0,13.891399571301474,0
0.1,295,4,0.9,0.0,15.8922090377051,0
0.2,295,2,0.9,0.1,9.519787965113997,0
0.2,295,3,0.4,0.0,59.91974749058942,6
0.2,295,4,0.7,0.0,36.83561223153622,3
0,300,2,0.9,0.1,7.228867785217585,0
0,300,3,1.0,0.0,11.21089983192904,0
0,300,4,0.9,0.1,13.640821164132769,0
0.05,300,2,0.9,0.1,8.882684828931563,0
0.05,300,3,1.0,0.0,10.493542304974145,0
0.05,300,4,0.9,0.1,15.020199150850726,0
0.1,300,2,1.0,0.0,7.413202921695261,0
0.1,300,3,1.0,0.0,12.102256371295425,0
0.1,300,4,0.7,0.0,27.492156117994377,3
0.2,300,2,0.9,0.1,10.270872772072838,0
0.2,300,3,0.9,0.0,17.975633450779817,1
0.2,300,4,0.4,0.0,72.2540973479281,6