probPopping,threshold,numChoices,share1,share2,time,noResolution,startingContents,increaseRates
0,5,2,0.80032,0.19968,1.5998480000004116,0,"(1, 1)","((4,), (1,))"
0,5,2,0.62302,0.37698,1.251435,0,"(1, 1)","((4,), (2,))"
0,5,2,0.60019,0.39981,1.1998239999989646,0,"(1, 1)","((4,), (3,))"
0,6,2,0.793,0.207,1.9847853253966075,0,"(1, 1)","((4,), (1,))"
0,6,2,0.61724,0.38276,1.6213675000003487,0,"(1, 1)","((4,), (2,))"
0,6,2,0.52031,0.47969,1.4076093333322097,0,"(1, 1)","((4,), (3,))"
0,7,2,0.82177,0.17823,2.044088639249657,0,"(1, 1)","((4,), (1,))"
0,7,2,0.61912,0.38088,1.6206830000003416,0,"(1, 1)","((4,), (2,))"
0,7,2,0.51723,0.48277,1.4078237777766416,0,"(1, 1)","((4,), (3,))"
0,8,2,0.84605,0.15395,2.08480967243877,0,"(1, 1)","((4,), (1,))"
0,8,2,0.66256,0.33744,1.7189675000007631,0,"(1, 1)","((4,), (2,))"
0,8,2,0.57214,0.42786,1.5301127777768422,0,"(1, 1)","((4,), (3,))"
0,9,2,0.86188,0.13812,2.119770399544982,0,"(1, 1)","((4,), (1,))"
0,9,2,0.6638,0.3362,1.717831333334062,0,"(1, 1)","((4,), (2,))"
0,9,2,0.57625,0.42375,1.5288882222212552,0,"(1, 1)","((4,), (3,))"
0,10,2,0.85995,0.14005,2.339782177028287,0,"(1, 1)","((4,), (1,))"
0,10,2,0.66104,0.33896,1.9329941269839845,0,"(1, 1)","((4,), (2,))"
0,10,2,0.5264,0.4736,1.6478280876062017,0,"(1, 1)","((4,), (3,))"
0,11,2,0.87186,0.12814,2.3674955579708103,0,"(1, 1)","((4,), (1,))"
0,11,2,0.66034,0.33966,1.9329919563490843,0,"(1, 1)","((4,), (2,))"
0,11,2,0.56678,0.43322,1.7338220158569317,0,"(1, 1)","((4,), (3,))"
0,12,2,0.88392,0.11608,2.3863185915181573,0,"(1, 1)","((4,), (1,))"
0,12,2,0.69107,0.30893,1.9871941507942141,0,"(1, 1)","((4,), (2,))"
0,12,2,0.5667,0.4333,1.7341886971946026,0,"(1, 1)","((4,), (3,))"
0,13,2,0.89104,0.10896,2.410135860969714,0,"(1, 1)","((4,), (1,))"
0,13,2,0.68551,0.31449,1.9903028095243616,0,"(1, 1)","((4,), (2,))"
0,13,2,0.56811,0.43189,1.732920606858054,0,"(1, 1)","((4,), (3,))"
0,14,2,0.89109,0.10891,2.558032331979255,0,"(1, 1)","((4,), (1,))"
0,14,2,0.68511,0.31489,2.142632426823478,0,"(1, 1)","((4,), (2,))"
0,14,2,0.56272,0.43728,1.8836391954317224,0,"(1, 1)","((4,), (3,))"
0,15,2,0.89913,0.10087,2.5714965577674103,0,"(1, 1)","((4,), (1,))"
0,15,2,0.68244,0.31756,2.140659209235506,0,"(1, 1)","((4,), (2,))"
0,15,2,0.56767,0.43233,1.883261770365993,0,"(1, 1)","((4,), (3,))"
0,16,2,0.90608,0.09392,2.5790713423942404,0,"(1, 1)","((4,), (1,))"
0,16,2,0.70285,0.29715,2.1793371844549343,0,"(1, 1)","((4,), (2,))"
0,16,2,0.56666,0.43334,1.8830310240604777,0,"(1, 1)","((4,), (3,))"
0,17,2,0.9094,0.0906,2.5976419243524345,0,"(1, 1)","((4,), (1,))"
0,17,2,0.7035,0.2965,2.1802640969590716,0,"(1, 1)","((4,), (2,))"
0,17,2,0.58929,0.41071,1.9341025869723116,0,"(1, 1)","((4,), (3,))"
0,18,2,0.91041,0.08959,2.710501608016739,0,"(1, 1)","((4,), (1,))"
0,18,2,0.70407,0.29593,2.2952669999957367,0,"(1, 1)","((4,), (2,))"
0,18,2,0.56682,0.43318,2.0011980039633253,0,"(1, 1)","((4,), (3,))"
0,19,2,0.91697,0.08303,2.7194005066493037,0,"(1, 1)","((4,), (1,))"
0,19,2,0.7029,0.2971,2.295050624834923,0,"(1, 1)","((4,), (2,))"
0,19,2,0.56979,0.43021,2.000023050557197,0,"(1, 1)","((4,), (3,))"
0,20,2,0.91874,0.08126,2.738698950754681,0,"(1, 1)","((4,), (1,))"
0,20,2,0.7193,0.2807,2.323914337947598,0,"(1, 1)","((4,), (2,))"
0,20,2,0.58571,0.41429,2.0449503056272063,0,"(1, 1)","((4,), (3,))"
0,21,2,0.92283,0.07717,2.737101680431737,0,"(1, 1)","((4,), (1,))"
0,21,2,0.71786,0.28214,2.3241674959726004,0,"(1, 1)","((4,), (2,))"
0,21,2,0.58658,0.41342,2.0446000652608394,0,"(1, 1)","((4,), (3,))"
0,22,2,0.92373,0.07627,2.8327956965464227,0,"(1, 1)","((4,), (1,))"
0,22,2,0.71853,0.28147,2.4169432523297183,0,"(1, 1)","((4,), (2,))"
0,22,2,0.56967,0.43033,2.0988928583922455,0,"(1, 1)","((4,), (3,))"
0,23,2,0.92655,0.07345,2.8404055958896297,0,"(1, 1)","((4,), (1,))"
0,23,2,0.71611,0.28389,2.421370656342493,0,"(1, 1)","((4,), (2,))"
0,23,2,0.58747,0.41253,2.136731830364694,0,"(1, 1)","((4,), (3,))"
0,24,2,0.92871,0.07129,2.8492712045303623,0,"(1, 1)","((4,), (1,))"
0,24,2,0.72801,0.27199,2.442720610234159,0,"(1, 1)","((4,), (2,))"
0,24,2,0.58474,0.41526,2.136520662719001,0,"(1, 1)","((4,), (3,))"
0,25,2,0.93118,0.06882,2.8528504889706907,0,"(1, 1)","((4,), (1,))"
0,25,2,0.72808,0.27192,2.4415423328970376,0,"(1, 1)","((4,), (2,))"
0,25,2,0.5853,0.4147,2.1365990936280332,0,"(1, 1)","((4,), (3,))"
0,26,2,0.93227,0.06773,2.930839581233104,0,"(1, 1)","((4,), (1,))"
0,26,2,0.72787,0.27213,2.5212821506632266,0,"(1, 1)","((4,), (2,))"
0,26,2,0.58514,0.41486,2.215427062489507,0,"(1, 1)","((4,), (3,))"
0,27,2,0.93566,0.06434,2.935816804012989,0,"(1, 1)","((4,), (1,))"
0,27,2,0.72716,0.27284,2.523795247995907,0,"(1, 1)","((4,), (2,))"
0,27,2,0.58468,0.41532,2.215574995744644,0,"(1, 1)","((4,), (3,))"
0,28,2,0.93553,0.06447,2.94992968208272,0,"(1, 1)","((4,), (1,))"
0,28,2,0.73652,0.26348,2.5423630830440014,0,"(1, 1)","((4,), (2,))"
0,28,2,0.5884,0.4116,2.213951874027468,0,"(1, 1)","((4,), (3,))"
0,29,2,0.94046,0.05954,2.9461228267882613,0,"(1, 1)","((4,), (1,))"
0,29,2,0.73923,0.26077,2.539030648348635,0,"(1, 1)","((4,), (2,))"
0,29,2,0.59845,0.40155,2.2433762053810673,0,"(1, 1)","((4,), (3,))"
0,30,2,0.93855,0.06145,3.019958262514033,0,"(1, 1)","((4,), (1,))"
0,30,2,0.73811,0.26189,2.6067977488639893,0,"(1, 1)","((4,), (2,))"
0,30,2,0.58798,0.41202,2.2833335681762095,0,"(1, 1)","((4,), (3,))"
0,31,2,0.94167,0.05833,3.017418298088688,0,"(1, 1)","((4,), (1,))"
0,31,2,0.73646,0.26354,2.6102832776240024,0,"(1, 1)","((4,), (2,))"
0,31,2,0.58533,0.41467,2.284576662835839,0,"(1, 1)","((4,), (3,))"
0,32,2,0.94367,0.05633,3.0172851193172026,0,"(1, 1)","((4,), (1,))"
0,32,2,0.74557,0.25443,2.6252710631387117,0,"(1, 1)","((4,), (2,))"
0,32,2,0.59487,0.40513,2.3111805822101896,0,"(1, 1)","((4,), (3,))"
0,33,2,0.9436,0.0564,3.030264649940212,0,"(1, 1)","((4,), (1,))"
0,33,2,0.74487,0.25513,2.628011758669572,0,"(1, 1)","((4,), (2,))"
0,33,2,0.59645,0.40355,2.3114276155552753,0,"(1, 1)","((4,), (3,))"
0,34,2,0.94336,0.05664,3.092125618458754,0,"(1, 1)","((4,), (1,))"
0,34,2,0.74512,0.25488,2.685619730930923,0,"(1, 1)","((4,), (2,))"
0,34,2,0.5865,0.4135,2.3458109694430185,0,"(1, 1)","((4,), (3,))"
0,35,2,0.94733,0.05267,3.085561871860361,0,"(1, 1)","((4,), (1,))"
0,35,2,0.74829,0.25171,2.6817424093510245,0,"(1, 1)","((4,), (2,))"
0,35,2,0.59642,0.40358,2.3694319507335084,0,"(1, 1)","((4,), (3,))"
0,36,2,0.94777,0.05223,3.094880629334246,0,"(1, 1)","((4,), (1,))"
0,36,2,0.75251,0.24749,2.698874033036775,0,"(1, 1)","((4,), (2,))"
0,36,2,0.5943,0.4057,2.370160122169529,0,"(1, 1)","((4,), (3,))"
0,37,2,0.94763,0.05237,3.100584640511121,0,"(1, 1)","((4,), (1,))"
0,37,2,0.75334,0.24666,2.6987887918407245,0,"(1, 1)","((4,), (2,))"
0,37,2,0.59888,0.40112,2.3697171033732722,0,"(1, 1)","((4,), (3,))"
0,38,2,0.94879,0.05121,3.1540404408166958,0,"(1, 1)","((4,), (1,))"
0,38,2,0.75393,0.24607,2.751857202707786,0,"(1, 1)","((4,), (2,))"
0,38,2,0.59754,0.40246,2.4228113372575115,0,"(1, 1)","((4,), (3,))"
0,39,2,0.95026,0.04974,3.148365219382707,0,"(1, 1)","((4,), (1,))"
0,39,2,0.7527,0.2473,2.7554031280742017,0,"(1, 1)","((4,), (2,))"
0,39,2,0.59491,0.40509,2.423318580755141,0,"(1, 1)","((4,), (3,))"
0,40,2,0.95069,0.04931,3.1557700891693803,0,"(1, 1)","((4,), (1,))"
0,40,2,0.75584,0.24416,2.7688030511889643,0,"(1, 1)","((4,), (2,))"
0,40,2,0.59664,0.40336,2.4229171487447263,0,"(1, 1)","((4,), (3,))"
0,41,2,0.95179,0.04821,3.164410378915993,0,"(1, 1)","((4,), (1,))"
0,41,2,0.7585,0.2415,2.766872991618421,0,"(1, 1)","((4,), (2,))"
0,41,2,0.60616,0.39384,2.4419098856536263,0,"(1, 1)","((4,), (3,))"
0,42,2,0.9517,0.0483,3.2085108463125547,0,"(1, 1)","((4,), (1,))"
0,42,2,0.75977,0.24023,2.8134335314043546,0,"(1, 1)","((4,), (2,))"
0,42,2,0.59889,0.40111,2.470829696266095,0,"(1, 1)","((4,), (3,))"
0,43,2,0.9538,0.0462,3.204875573755988,0,"(1, 1)","((4,), (1,))"
0,43,2,0.75874,0.24126,2.812190270836117,0,"(1, 1)","((4,), (2,))"
0,43,2,0.59712,0.40288,2.4712887388730405,0,"(1, 1)","((4,), (3,))"
0,44,2,0.9547,0.0453,3.204605840060236,0,"(1, 1)","((4,), (1,))"
0,44,2,0.76278,0.23722,2.8242979128051644,0,"(1, 1)","((4,), (2,))"
0,44,2,0.60712,0.39288,2.490218239051023,0,"(1, 1)","((4,), (3,))"
0,45,2,0.95483,0.04517,3.2159023176400874,0,"(1, 1)","((4,), (1,))"
0,45,2,0.76359,0.23641,2.826087065095466,0,"(1, 1)","((4,), (2,))"
0,45,2,0.602,0.398,2.4920658776957128,0,"(1, 1)","((4,), (3,))"
0,46,2,0.95649,0.04351,3.2608329275276273,0,"(1, 1)","((4,), (1,))"
0,46,2,0.7629,0.2371,2.8696042884830764,0,"(1, 1)","((4,), (2,))"
0,46,2,0.59853,0.40147,2.5162392363424355,0,"(1, 1)","((4,), (3,))"
0,47,2,0.95729,0.04271,3.2621607125016947,0,"(1, 1)","((4,), (1,))"
0,47,2,0.7633,0.2367,2.8715801197996207,0,"(1, 1)","((4,), (2,))"
0,47,2,0.6042,0.3958,2.534907197918373,0,"(1, 1)","((4,), (3,))"
0,48,2,0.9567,0.0433,3.2651580756154166,0,"(1, 1)","((4,), (1,))"
0,48,2,0.77054,0.22946,2.874404287928207,0,"(1, 1)","((4,), (2,))"
0,48,2,0.60698,0.39302,2.533139145376446,0,"(1, 1)","((4,), (3,))"
0,49,2,0.95767,0.04233,3.265850121917867,0,"(1, 1)","((4,), (1,))"
0,49,2,0.76824,0.23176,2.879858502848357,0,"(1, 1)","((4,), (2,))"
0,49,2,0.60455,0.39545,2.5341815486815054,0,"(1, 1)","((4,), (3,))"
0,50,2,0.95931,0.04069,3.303290445903196,0,"(1, 1)","((4,), (1,))"
0,50,2,0.76781,0.23219,2.921067525134204,0,"(1, 1)","((4,), (2,))"
0,50,2,0.60555,0.39445,2.5736978858110175,0,"(1, 1)","((4,), (3,))"
0,51,2,0.95996,0.04004,3.2993337455188367,0,"(1, 1)","((4,), (1,))"
0,51,2,0.76911,0.23089,2.9174350660151465,0,"(1, 1)","((4,), (2,))"
0,51,2,0.60669,0.39331,2.5737837506918866,0,"(1, 1)","((4,), (3,))"
0,52,2,0.95965,0.04035,3.3128444607445338,0,"(1, 1)","((4,), (1,))"
0,52,2,0.7706,0.2294,2.9294098616309574,0,"(1, 1)","((4,), (2,))"
0,52,2,0.60285,0.39715,2.5754867880223964,0,"(1, 1)","((4,), (3,))"
0,53,2,0.96024,0.03976,3.311449260734066,0,"(1, 1)","((4,), (1,))"
0,53,2,0.77263,0.22737,2.9280775250069686,0,"(1, 1)","((4,), (2,))"
0,53,2,0.61541,0.38459,2.587450598481597,0,"(1, 1)","((4,), (3,))"
0,54,2,0.96043,0.03957,3.3484544267369083,0,"(1, 1)","((4,), (1,))"
0,54,2,0.77213,0.22787,2.968059310210223,0,"(1, 1)","((4,), (2,))"
0,54,2,0.60292,0.39708,2.6128466407719366,0,"(1, 1)","((4,), (3,))"
0,55,2,0.96031,0.03969,3.358296356650593,0,"(1, 1)","((4,), (1,))"
0,55,2,0.77039,0.22961,2.969934543634976,0,"(1, 1)","((4,), (2,))"
0,55,2,0.60555,0.39445,2.6116007136451955,0,"(1, 1)","((4,), (3,))"
0,56,2,0.96278,0.03722,3.345910710655991,0,"(1, 1)","((4,), (1,))"
0,56,2,0.77539,0.22461,2.9771260563809414,0,"(1, 1)","((4,), (2,))"
0,56,2,0.60878,0.39122,2.628045338105486,0,"(1, 1)","((4,), (3,))"
0,57,2,0.96355,0.03645,3.3496248352266806,0,"(1, 1)","((4,), (1,))"
0,57,2,0.77676,0.22324,2.975157887920514,0,"(1, 1)","((4,), (2,))"
0,57,2,0.61247,0.38753,2.626140010349293,0,"(1, 1)","((4,), (3,))"
0,58,2,0.96269,0.03731,3.3863660493035845,0,"(1, 1)","((4,), (1,))"
0,58,2,0.7762,0.2238,3.0101676694394706,0,"(1, 1)","((4,), (2,))"
0,58,2,0.60401,0.39599,2.648474440122622,0,"(1, 1)","((4,), (3,))"
0,59,2,0.96322,0.03678,3.3860317025057576,0,"(1, 1)","((4,), (1,))"
0,59,2,0.77469,0.22531,3.011805561508033,0,"(1, 1)","((4,), (2,))"
0,59,2,0.60796,0.39204,2.6623629367816686,0,"(1, 1)","((4,), (3,))"
0,60,2,0.96376,0.03624,3.384508238416104,0,"(1, 1)","((4,), (1,))"
0,60,2,0.78067,0.21933,3.0125442061346157,0,"(1, 1)","((4,), (2,))"
0,60,2,0.61264,0.38736,2.6605032563076696,0,"(1, 1)","((4,), (3,))"
0,61,2,0.96493,0.03507,3.390785651363777,0,"(1, 1)","((4,), (1,))"
0,61,2,0.78133,0.21867,3.0153639770595073,0,"(1, 1)","((4,), (2,))"
0,61,2,0.61075,0.38925,2.6615399294107562,0,"(1, 1)","((4,), (3,))"
0,62,2,0.96425,0.03575,3.425001950099083,0,"(1, 1)","((4,), (1,))"
0,62,2,0.77952,0.22048,3.0486062799971214,0,"(1, 1)","((4,), (2,))"
0,62,2,0.61048,0.38952,2.6930885398852062,0,"(1, 1)","((4,), (3,))"
0,63,2,0.96502,0.03498,3.4175419702998235,0,"(1, 1)","((4,), (1,))"
0,63,2,0.77899,0.22101,3.0509837578516645,0,"(1, 1)","((4,), (2,))"
0,63,2,0.6093,0.3907,2.6936416215189865,0,"(1, 1)","((4,), (3,))"
0,64,2,0.96511,0.03489,3.4247664099394313,0,"(1, 1)","((4,), (1,))"
0,64,2,0.78388,0.21612,3.055419385366853,0,"(1, 1)","((4,), (2,))"
0,64,2,0.61192,0.38808,2.693186297016278,0,"(1, 1)","((4,), (3,))"
0,65,2,0.96618,0.03382,3.426464030007387,0,"(1, 1)","((4,), (1,))"
0,65,2,0.78157,0.21843,3.06264116000832,0,"(1, 1)","((4,), (2,))"
0,65,2,0.61666,0.38334,2.70582181870781,0,"(1, 1)","((4,), (3,))"
0,66,2,0.96642,0.03358,3.457029683510492,0,"(1, 1)","((4,), (1,))"
0,66,2,0.78355,0.21645,3.0854473504141215,0,"(1, 1)","((4,), (2,))"
0,66,2,0.61211,0.38789,2.7233204872298638,0,"(1, 1)","((4,), (3,))"
0,67,2,0.96713,0.03287,3.4521404495953965,0,"(1, 1)","((4,), (1,))"
0,67,2,0.7836,0.2164,3.0852108888880365,0,"(1, 1)","((4,), (2,))"
0,67,2,0.61182,0.38818,2.724340464091675,0,"(1, 1)","((4,), (3,))"
0,68,2,0.96714,0.03286,3.461080152335424,0,"(1, 1)","((4,), (1,))"
0,68,2,0.78632,0.21368,3.092981837907611,0,"(1, 1)","((4,), (2,))"
0,68,2,0.61592,0.38408,2.735465228472214,0,"(1, 1)","((4,), (3,))"
0,69,2,0.96807,0.03193,3.456549065797718,0,"(1, 1)","((4,), (1,))"
0,69,2,0.78446,0.21554,3.0982045138509764,0,"(1, 1)","((4,), (2,))"
0,69,2,0.61404,0.38596,2.7377497769347747,0,"(1, 1)","((4,), (3,))"
0,70,2,0.96743,0.03257,3.484087233347364,0,"(1, 1)","((4,), (1,))"
0,70,2,0.78741,0.21259,3.1212967203672934,0,"(1, 1)","((4,), (2,))"
0,70,2,0.60855,0.39145,2.7546506620386477,0,"(1, 1)","((4,), (3,))"
0,71,2,0.96791,0.03209,3.496849246663029,0,"(1, 1)","((4,), (1,))"
0,71,2,0.78733,0.21267,3.1223869253849634,0,"(1, 1)","((4,), (2,))"
0,71,2,0.61444,0.38556,2.7647489098296827,0,"(1, 1)","((4,), (3,))"
0,72,2,0.96878,0.03122,3.4929299418794084,0,"(1, 1)","((4,), (1,))"
0,72,2,0.789,0.211,3.1286106176731705,0,"(1, 1)","((4,), (2,))"
0,72,2,0.6153,0.3847,2.7649596199330686,0,"(1, 1)","((4,), (3,))"
0,73,2,0.96855,0.03145,3.48584280349525,0,"(1, 1)","((4,), (1,))"
0,73,2,0.7897,0.2103,3.1304467615153495,0,"(1, 1)","((4,), (2,))"
0,73,2,0.61502,0.38498,2.765302138659714,0,"(1, 1)","((4,), (3,))"
0,74,2,0.96869,0.03131,3.516556697879204,0,"(1, 1)","((4,), (1,))"
0,74,2,0.78734,0.21266,3.1552832165915565,0,"(1, 1)","((4,), (2,))"
0,74,2,0.61486,0.38514,2.7925619062301656,0,"(1, 1)","((4,), (3,))"
0,75,2,0.96959,0.03041,3.5164317925841955,0,"(1, 1)","((4,), (1,))"
0,75,2,0.79025,0.20975,3.15496576583941,0,"(1, 1)","((4,), (2,))"
0,75,2,0.6164,0.3836,2.792256136010813,0,"(1, 1)","((4,), (3,))"
0,76,2,0.96998,0.03002,3.5214546131036126,0,"(1, 1)","((4,), (1,))"
0,76,2,0.7902,0.2098,3.164942287141081,0,"(1, 1)","((4,), (2,))"
0,76,2,0.61611,0.38389,2.7925352097061626,0,"(1, 1)","((4,), (3,))"
0,77,2,0.97076,0.02924,3.5200036335995595,0,"(1, 1)","((4,), (1,))"
0,77,2,0.79165,0.20835,3.1650558022143085,0,"(1, 1)","((4,), (2,))"
0,77,2,0.61975,0.38025,2.8033109951038524,0,"(1, 1)","((4,), (3,))"
0,78,2,0.96998,0.03002,3.5474382141971432,0,"(1, 1)","((4,), (1,))"
0,78,2,0.79121,0.20879,3.1891629194721567,0,"(1, 1)","((4,), (2,))"
0,78,2,0.61904,0.38096,2.8160603027594013,0,"(1, 1)","((4,), (3,))"
0,79,2,0.97096,0.02904,3.5376118496960824,0,"(1, 1)","((4,), (1,))"
0,79,2,0.79309,0.20691,3.1844716070470676,0,"(1, 1)","((4,), (2,))"
0,79,2,0.61451,0.38549,2.8176175425968126,0,"(1, 1)","((4,), (3,))"
0,80,2,0.97065,0.02935,3.5470364409522803,0,"(1, 1)","((4,), (1,))"
0,80,2,0.79214,0.20786,3.198444408287297,0,"(1, 1)","((4,), (2,))"
0,80,2,0.62035,0.37965,2.826641035510057,0,"(1, 1)","((4,), (3,))"
0,81,2,0.971,0.029,3.5482170066341077,0,"(1, 1)","((4,), (1,))"
0,81,2,0.79435,0.20565,3.1933728744984355,0,"(1, 1)","((4,), (2,))"
0,81,2,0.62094,0.37906,2.8277029045440925,0,"(1, 1)","((4,), (3,))"
0,82,2,0.97121,0.02879,3.5765884315943945,0,"(1, 1)","((4,), (1,))"
0,82,2,0.79412,0.20588,3.2157935557597113,0,"(1, 1)","((4,), (2,))"
0,82,2,0.61578,0.38422,2.843025712841404,0,"(1, 1)","((4,), (3,))"
0,83,2,0.97083,0.02917,3.577725321399428,0,"(1, 1)","((4,), (1,))"
0,83,2,0.79377,0.20623,3.220120585621873,0,"(1, 1)","((4,), (2,))"
0,83,2,0.61997,0.38003,2.852501368740625,0,"(1, 1)","((4,), (3,))"
0,84,2,0.97227,0.02773,3.5754857028988947,0,"(1, 1)","((4,), (1,))"
0,84,2,0.79707,0.20293,3.222669720915016,0,"(1, 1)","((4,), (2,))"
0,84,2,0.61976,0.38024,2.852214077024566,0,"(1, 1)","((4,), (3,))"
0,85,2,0.972,0.028,3.583795380630621,0,"(1, 1)","((4,), (1,))"
0,85,2,0.79726,0.20274,3.2230082843377774,0,"(1, 1)","((4,), (2,))"
0,85,2,0.62022,0.37978,2.853093580487393,0,"(1, 1)","((4,), (3,))"
0,86,2,0.97124,0.02876,3.6051846698860324,0,"(1, 1)","((4,), (1,))"
0,86,2,0.79602,0.20398,3.2471026385612234,0,"(1, 1)","((4,), (2,))"
0,86,2,0.62132,0.37868,2.874816944153033,0,"(1, 1)","((4,), (3,))"
0,87,2,0.97265,0.02735,3.5952787341304395,0,"(1, 1)","((4,), (1,))"
0,87,2,0.7991,0.2009,3.239933471852403,0,"(1, 1)","((4,), (2,))"
0,87,2,0.62059,0.37941,2.8750671579002747,0,"(1, 1)","((4,), (3,))"
0,88,2,0.97243,0.02757,3.6041981125320213,0,"(1, 1)","((4,), (1,))"
0,88,2,0.79929,0.20071,3.2511045419944615,0,"(1, 1)","((4,), (2,))"
0,88,2,0.61857,0.38143,2.8760345661085607,0,"(1, 1)","((4,), (3,))"
0,89,2,0.97461,0.02539,3.5969385102854634,0,"(1, 1)","((4,), (1,))"
0,89,2,0.79882,0.20118,3.252705376054213,0,"(1, 1)","((4,), (2,))"
0,89,2,0.62359,0.37641,2.8846300199386254,0,"(1, 1)","((4,), (3,))"
0,90,2,0.97318,0.02682,3.6243292517622194,0,"(1, 1)","((4,), (1,))"
0,90,2,0.79874,0.20126,3.2713383659820967,0,"(1, 1)","((4,), (2,))"
0,90,2,0.62097,0.37903,2.8972101265344508,0,"(1, 1)","((4,), (3,))"
0,91,2,0.974,0.026,3.620510743318759,0,"(1, 1)","((4,), (1,))"
0,91,2,0.7984,0.2016,3.272482191742154,0,"(1, 1)","((4,), (2,))"
0,91,2,0.62072,0.37928,2.898048993903894,0,"(1, 1)","((4,), (3,))"
0,92,2,0.97364,0.02636,3.623370369125628,0,"(1, 1)","((4,), (1,))"
0,92,2,0.80184,0.19816,3.276065159185667,0,"(1, 1)","((4,), (2,))"
0,92,2,0.62484,0.37516,2.9062784947848415,0,"(1, 1)","((4,), (3,))"
0,93,2,0.97442,0.02558,3.620637144855329,0,"(1, 1)","((4,), (1,))"
0,93,2,0.80087,0.19913,3.2743320673161955,0,"(1, 1)","((4,), (2,))"
0,93,2,0.62191,0.37809,2.9065688332762303,0,"(1, 1)","((4,), (3,))"
0,94,2,0.97339,0.02661,3.647852221663219,0,"(1, 1)","((4,), (1,))"
0,94,2,0.80073,0.19927,3.300175249264493,0,"(1, 1)","((4,), (2,))"
0,94,2,0.62344,0.37656,2.9174990337647415,0,"(1, 1)","((4,), (3,))"
0,95,2,0.97597,0.02403,3.649028829504251,0,"(1, 1)","((4,), (1,))"
0,95,2,0.80154,0.19846,3.3004900290530164,0,"(1, 1)","((4,), (2,))"
0,95,2,0.62552,0.37448,2.9270972595204086,0,"(1, 1)","((4,), (3,))"
0,96,2,0.9747,0.0253,3.6491278701886105,0,"(1, 1)","((4,), (1,))"
0,96,2,0.80397,0.19603,3.302554162046349,0,"(1, 1)","((4,), (2,))"
0,96,2,0.62171,0.37829,2.928125586770792,0,"(1, 1)","((4,), (3,))"
0,97,2,0.97433,0.02567,3.6489672867584875,0,"(1, 1)","((4,), (1,))"
0,97,2,0.80142,0.19858,3.3062538328343747,0,"(1, 1)","((4,), (2,))"
0,97,2,0.62463,0.37537,2.9271213969232743,0,"(1, 1)","((4,), (3,))"
0,98,2,0.97544,0.02456,3.664258206222202,0,"(1, 1)","((4,), (1,))"
0,98,2,0.8038,0.1962,3.3239473737127683,0,"(1, 1)","((4,), (2,))"
0,98,2,0.62447,0.37553,2.9484989941718784,0,"(1, 1)","((4,), (3,))"
0,99,2,0.97511,0.02489,3.6684285720349754,0,"(1, 1)","((4,), (1,))"
0,99,2,0.80439,0.19561,3.322999404383645,0,"(1, 1)","((4,), (2,))"
0,99,2,0.62542,0.37458,2.947458714752989,0,"(1, 1)","((4,), (3,))"
0,100,2,0.97533,0.02467,3.6681386275012193,0,"(1, 1)","((4,), (1,))"
0,100,2,0.80657,0.19343,3.3239413451107755,0,"(1, 1)","((4,), (2,))"
0,100,2,0.6252,0.3748,2.9474442110323347,0,"(1, 1)","((4,), (3,))"
0,101,2,0.97545,0.02455,3.674554585294064,0,"(1, 1)","((4,), (1,))"
0,101,2,0.80324,0.19676,3.3317903453389723,0,"(1, 1)","((4,), (2,))"
0,101,2,0.6281,0.3719,2.954989595624017,0,"(1, 1)","((4,), (3,))"
0,102,2,0.97596,0.02404,3.6876514536457123,0,"(1, 1)","((4,), (1,))"
0,102,2,0.80558,0.19442,3.3509262751845763,0,"(1, 1)","((4,), (2,))"
0,102,2,0.62395,0.37605,2.968125078201844,0,"(1, 1)","((4,), (3,))"
0,103,2,0.97558,0.02442,3.691978123514843,0,"(1, 1)","((4,), (1,))"
0,103,2,0.80384,0.19616,3.3496126563843283,0,"(1, 1)","((4,), (2,))"
0,103,2,0.62425,0.37575,2.968003912647256,0,"(1, 1)","((4,), (3,))"
0,104,2,0.97629,0.02371,3.692502568354785,0,"(1, 1)","((4,), (1,))"
0,104,2,0.80717,0.19283,3.3498196157173825,0,"(1, 1)","((4,), (2,))"
0,104,2,0.63016,0.36984,2.9741996613578867,0,"(1, 1)","((4,), (3,))"
0,105,2,0.97618,0.02382,3.6917797358851896,0,"(1, 1)","((4,), (1,))"
0,105,2,0.80788,0.19212,3.3486372367315926,0,"(1, 1)","((4,), (2,))"
0,105,2,0.62553,0.37447,2.9751603313641217,0,"(1, 1)","((4,), (3,))"
0,106,2,0.97582,0.02418,3.713331675004193,0,"(1, 1)","((4,), (1,))"
0,106,2,0.80579,0.19421,3.372573402511022,0,"(1, 1)","((4,), (2,))"
0,106,2,0.62591,0.37409,2.9863613720201814,0,"(1, 1)","((4,), (3,))"
0,107,2,0.97606,0.02394,3.7111052901469876,0,"(1, 1)","((4,), (1,))"
0,107,2,0.80749,0.19251,3.3712378725994694,0,"(1, 1)","((4,), (2,))"
0,107,2,0.62862,0.37138,2.994601698092386,0,"(1, 1)","((4,), (3,))"
0,108,2,0.97703,0.02297,3.709326351925188,0,"(1, 1)","((4,), (1,))"
0,108,2,0.80835,0.19165,3.3759310812905063,0,"(1, 1)","((4,), (2,))"
0,108,2,0.62672,0.37328,2.993772394110505,0,"(1, 1)","((4,), (3,))"
0,109,2,0.97608,0.02392,3.7117126495320494,0,"(1, 1)","((4,), (1,))"
0,109,2,0.81104,0.18896,3.3708200770668335,0,"(1, 1)","((4,), (2,))"
0,109,2,0.62567,0.37433,2.9942533332495893,0,"(1, 1)","((4,), (3,))"
0,110,2,0.97685,0.02315,3.734058700409485,0,"(1, 1)","((4,), (1,))"
0,110,2,0.81004,0.18996,3.391442111071962,0,"(1, 1)","((4,), (2,))"
0,110,2,0.62649,0.37351,3.013170017877081,0,"(1, 1)","((4,), (3,))"
0,111,2,0.97709,0.02291,3.7257172806438583,0,"(1, 1)","((4,), (1,))"
0,111,2,0.80822,0.19178,3.3934505014053675,0,"(1, 1)","((4,), (2,))"
0,111,2,0.62663,0.37337,3.011477302387092,0,"(1, 1)","((4,), (3,))"
0,112,2,0.97661,0.02339,3.7334732236498334,0,"(1, 1)","((4,), (1,))"
0,112,2,0.81015,0.18985,3.3975483690370654,0,"(1, 1)","((4,), (2,))"
0,112,2,0.62742,0.37258,3.0121879127791233,0,"(1, 1)","((4,), (3,))"
0,113,2,0.97683,0.02317,3.7266996465537856,0,"(1, 1)","((4,), (1,))"
0,113,2,0.81198,0.18802,3.391819155247275,0,"(1, 1)","((4,), (2,))"
0,113,2,0.62914,0.37086,3.0198967275682826,0,"(1, 1)","((4,), (3,))"
0,114,2,0.97827,0.02173,3.7459734670253737,0,"(1, 1)","((4,), (1,))"
0,114,2,0.81253,0.18747,3.4116844776532025,0,"(1, 1)","((4,), (2,))"
0,114,2,0.62638,0.37362,3.0306347682759025,0,"(1, 1)","((4,), (3,))"
0,115,2,0.97749,0.02251,3.7505501368741174,0,"(1, 1)","((4,), (1,))"
0,115,2,0.81276,0.18724,3.408841167175395,0,"(1, 1)","((4,), (2,))"
0,115,2,0.6297,0.3703,3.027427609658152,0,"(1, 1)","((4,), (3,))"
0,116,2,0.97797,0.02203,3.75317387692408,0,"(1, 1)","((4,), (1,))"
0,116,2,0.80909,0.19091,3.4208941215875575,0,"(1, 1)","((4,), (2,))"
0,116,2,0.62836,0.37164,3.0380586108486987,0,"(1, 1)","((4,), (3,))"
0,117,2,0.97844,0.02156,3.7488213505790986,0,"(1, 1)","((4,), (1,))"
0,117,2,0.81118,0.18882,3.4163017383308856,0,"(1, 1)","((4,), (2,))"
0,117,2,0.6279,0.3721,3.038480329132154,0,"(1, 1)","((4,), (3,))"
0,118,2,0.97811,0.02189,3.7700608902165365,0,"(1, 1)","((4,), (1,))"
0,118,2,0.81173,0.18827,3.431275260555794,0,"(1, 1)","((4,), (2,))"
0,118,2,0.6245,0.3755,3.048914341102902,0,"(1, 1)","((4,), (3,))"
0,119,2,0.9784,0.0216,3.767814814100809,0,"(1, 1)","((4,), (1,))"
0,119,2,0.81166,0.18834,3.431840084499902,0,"(1, 1)","((4,), (2,))"
0,119,2,0.63156,0.36844,3.0525770816950644,0,"(1, 1)","((4,), (3,))"
0,120,2,0.97831,0.02169,3.7699654841602706,0,"(1, 1)","((4,), (1,))"
0,120,2,0.81455,0.18545,3.4333227431485756,0,"(1, 1)","((4,), (2,))"
0,120,2,0.6304,0.3696,3.0529896071811566,0,"(1, 1)","((4,), (3,))"
0,121,2,0.97866,0.02134,3.7699666411652952,0,"(1, 1)","((4,), (1,))"
0,121,2,0.81302,0.18698,3.442051235852029,0,"(1, 1)","((4,), (2,))"
0,121,2,0.62926,0.37074,3.054812855463653,0,"(1, 1)","((4,), (3,))"
0,122,2,0.97887,0.02113,3.781253469837612,0,"(1, 1)","((4,), (1,))"
0,122,2,0.81454,0.18546,3.449967720111268,0,"(1, 1)","((4,), (2,))"
0,122,2,0.63119,0.36881,3.069722700501234,0,"(1, 1)","((4,), (3,))"
0,123,2,0.9793,0.0207,3.78958065000994,0,"(1, 1)","((4,), (1,))"
0,123,2,0.81349,0.18651,3.4506323702909625,0,"(1, 1)","((4,), (2,))"
0,123,2,0.62717,0.37283,3.072468365908022,0,"(1, 1)","((4,), (3,))"
0,124,2,0.98002,0.01998,3.7785695561150274,0,"(1, 1)","((4,), (1,))"
0,124,2,0.81735,0.18265,3.452484833663518,0,"(1, 1)","((4,), (2,))"
0,124,2,0.63197,0.36803,3.0700112119964182,0,"(1, 1)","((4,), (3,))"
0,125,2,0.97888,0.02112,3.7921254891001195,0,"(1, 1)","((4,), (1,))"
0,125,2,0.81411,0.18589,3.456967075957253,0,"(1, 1)","((4,), (2,))"
0,125,2,0.63277,0.36723,3.075689128658924,0,"(1, 1)","((4,), (3,))"
0,126,2,0.97894,0.02106,3.8059363197330733,0,"(1, 1)","((4,), (1,))"
0,126,2,0.81699,0.18301,3.468004872810528,0,"(1, 1)","((4,), (2,))"
0,126,2,0.62925,0.37075,3.0858902028094315,0,"(1, 1)","((4,), (3,))"
0,127,2,0.97981,0.02019,3.79797524951241,0,"(1, 1)","((4,), (1,))"
0,127,2,0.8164,0.1836,3.4682407014353265,0,"(1, 1)","((4,), (2,))"
0,127,2,0.63005,0.36995,3.085643916642569,0,"(1, 1)","((4,), (3,))"
0,128,2,0.98003,0.01997,3.7971144127957257,0,"(1, 1)","((4,), (1,))"
0,128,2,0.81624,0.18376,3.47457939366024,0,"(1, 1)","((4,), (2,))"
0,128,2,0.63087,0.36913,3.092831916904645,0,"(1, 1)","((4,), (3,))"
0,129,2,0.97985,0.02015,3.8059848332375834,0,"(1, 1)","((4,), (1,))"
0,129,2,0.81799,0.18201,3.4715998596068456,0,"(1, 1)","((4,), (2,))"
0,129,2,0.62918,0.37082,3.0927922821958918,0,"(1, 1)","((4,), (3,))"
0,130,2,0.9795,0.0205,3.818625609077354,0,"(1, 1)","((4,), (1,))"
0,130,2,0.81614,0.18386,3.488906159230928,0,"(1, 1)","((4,), (2,))"
0,130,2,0.62939,0.37061,3.1020486919996597,0,"(1, 1)","((4,), (3,))"
0,131,2,0.97976,0.02024,3.818861051541714,0,"(1, 1)","((4,), (1,))"
0,131,2,0.81784,0.18216,3.48657625559527,0,"(1, 1)","((4,), (2,))"
0,131,2,0.6322,0.3678,3.1081432617825904,0,"(1, 1)","((4,), (3,))"
0,132,2,0.97909,0.02091,3.8225825956204114,0,"(1, 1)","((4,), (1,))"
0,132,2,0.81688,0.18312,3.4909574184412566,0,"(1, 1)","((4,), (2,))"
0,132,2,0.63372,0.36628,3.107043573276395,0,"(1, 1)","((4,), (3,))"
0,133,2,0.98016,0.01984,3.8188976511224855,0,"(1, 1)","((4,), (1,))"
0,133,2,0.81764,0.18236,3.4921792580128113,0,"(1, 1)","((4,), (2,))"
0,133,2,0.63317,0.36683,3.106878882533904,0,"(1, 1)","((4,), (3,))"
0,134,2,0.98016,0.01984,3.830102364010122,0,"(1, 1)","((4,), (1,))"
0,134,2,0.81681,0.18319,3.5111924271234196,0,"(1, 1)","((4,), (2,))"
0,134,2,0.63455,0.36545,3.122200591827776,0,"(1, 1)","((4,), (3,))"
0,135,2,0.98101,0.01899,3.8297594842751916,0,"(1, 1)","((4,), (1,))"
0,135,2,0.8186,0.1814,3.508183158048505,0,"(1, 1)","((4,), (2,))"
0,135,2,0.63206,0.36794,3.121867629341594,0,"(1, 1)","((4,), (3,))"
0,136,2,0.98064,0.01936,3.8328624840993966,0,"(1, 1)","((4,), (1,))"
0,136,2,0.81933,0.18067,3.50958460293485,0,"(1, 1)","((4,), (2,))"
0,136,2,0.63348,0.36652,3.1229479886070624,0,"(1, 1)","((4,), (3,))"
0,137,2,0.97994,0.02006,3.8383052758807765,0,"(1, 1)","((4,), (1,))"
0,137,2,0.81879,0.18121,3.508528789741331,0,"(1, 1)","((4,), (2,))"
0,137,2,0.63319,0.36681,3.127916211776922,0,"(1, 1)","((4,), (3,))"
0,138,2,0.98158,0.01842,3.8472996355453857,0,"(1, 1)","((4,), (1,))"
0,138,2,0.81856,0.18144,3.5245074008968422,0,"(1, 1)","((4,), (2,))"
0,138,2,0.63396,0.36604,3.1365022058625973,0,"(1, 1)","((4,), (3,))"
0,139,2,0.98041,0.01959,3.851322068608139,0,"(1, 1)","((4,), (1,))"
0,139,2,0.82003,0.17997,3.5233819870452483,0,"(1, 1)","((4,), (2,))"
0,139,2,0.63267,0.36733,3.1367027655612265,0,"(1, 1)","((4,), (3,))"
0,140,2,0.98128,0.01872,3.8462433269204372,0,"(1, 1)","((4,), (1,))"
0,140,2,0.82009,0.17991,3.525913901089121,0,"(1, 1)","((4,), (2,))"
0,140,2,0.63342,0.36658,3.142166853216087,0,"(1, 1)","((4,), (3,))"
0,141,2,0.98117,0.01883,3.8488547674431564,0,"(1, 1)","((4,), (1,))"
0,141,2,0.82206,0.17794,3.525786380835479,0,"(1, 1)","((4,), (2,))"
0,141,2,0.63672,0.36328,3.14118319074544,0,"(1, 1)","((4,), (3,))"
0,142,2,0.98095,0.01905,3.862327065837625,0,"(1, 1)","((4,), (1,))"
0,142,2,0.82089,0.17911,3.541180135678413,0,"(1, 1)","((4,), (2,))"
0,142,2,0.63513,0.36487,3.149469418327116,0,"(1, 1)","((4,), (3,))"
0,143,2,0.98093,0.01907,3.8636835774855136,0,"(1, 1)","((4,), (1,))"
0,143,2,0.82043,0.17957,3.540166803673665,0,"(1, 1)","((4,), (2,))"
0,143,2,0.63449,0.36551,3.1566137451940532,0,"(1, 1)","((4,), (3,))"
0,144,2,0.98089,0.01911,3.8611603028404717,0,"(1, 1)","((4,), (1,))"
0,144,2,0.82091,0.17909,3.5494002881554088,0,"(1, 1)","((4,), (2,))"
0,144,2,0.63521,0.36479,3.1559713116716313,0,"(1, 1)","((4,), (3,))"
0,145,2,0.9817,0.0183,3.8623674620602513,0,"(1, 1)","((4,), (1,))"
0,145,2,0.82476,0.17524,3.5401608996526086,0,"(1, 1)","((4,), (2,))"
0,145,2,0.63302,0.36698,3.156787620473576,0,"(1, 1)","((4,), (3,))"
0,146,2,0.98185,0.01815,3.871640919557135,0,"(1, 1)","((4,), (1,))"
0,146,2,0.82085,0.17915,3.5618133083866512,0,"(1, 1)","((4,), (2,))"
0,146,2,0.6348,0.3652,3.170275561290267,0,"(1, 1)","((4,), (3,))"
0,147,2,0.98119,0.01881,3.8881755469878683,0,"(1, 1)","((4,), (1,))"
0,147,2,0.81871,0.18129,3.561696929452215,0,"(1, 1)","((4,), (2,))"
0,147,2,0.63347,0.36653,3.170165539427128,0,"(1, 1)","((4,), (3,))"
0,148,2,0.98218,0.01782,3.873821650586504,0,"(1, 1)","((4,), (1,))"
0,148,2,0.82121,0.17879,3.5636184138065037,0,"(1, 1)","((4,), (2,))"
0,148,2,0.63456,0.36544,3.170200754103789,0,"(1, 1)","((4,), (3,))"
0,149,2,0.98206,0.01794,3.8779637065882744,0,"(1, 1)","((4,), (1,))"
0,149,2,0.82349,0.17651,3.5596722265720713,0,"(1, 1)","((4,), (2,))"
0,149,2,0.63691,0.36309,3.175491063105457,0,"(1, 1)","((4,), (3,))"
0,150,2,0.98174,0.01826,3.891261956968932,0,"(1, 1)","((4,), (1,))"
0,150,2,0.82194,0.17806,3.5735567603273166,0,"(1, 1)","((4,), (2,))"
0,150,2,0.63516,0.36484,3.1828328765763985,0,"(1, 1)","((4,), (3,))"
0,151,2,0.98215,0.01785,3.8924681241192354,0,"(1, 1)","((4,), (1,))"
0,151,2,0.82115,0.17885,3.576784863286628,0,"(1, 1)","((4,), (2,))"
0,151,2,0.63542,0.36458,3.182333360700162,0,"(1, 1)","((4,), (3,))"
0,152,2,0.9813,0.0187,3.897842769597273,0,"(1, 1)","((4,), (1,))"
0,152,2,0.82187,0.17813,3.5803065929826476,0,"(1, 1)","((4,), (2,))"
0,152,2,0.63439,0.36561,3.1887813539395413,0,"(1, 1)","((4,), (3,))"
0,153,2,0.98224,0.01776,3.899808695950561,0,"(1, 1)","((4,), (1,))"
0,153,2,0.82412,0.17588,3.575472190598285,0,"(1, 1)","((4,), (2,))"
0,153,2,0.6364,0.3636,3.188014818324516,0,"(1, 1)","((4,), (3,))"
0,154,2,0.98272,0.01728,3.898675860903207,0,"(1, 1)","((4,), (1,))"
0,154,2,0.82266,0.17734,3.5930959681419403,0,"(1, 1)","((4,), (2,))"
0,154,2,0.63521,0.36479,3.19606949203797,0,"(1, 1)","((4,), (3,))"
0,155,2,0.9825,0.0175,3.8995171920314227,0,"(1, 1)","((4,), (1,))"
0,155,2,0.82439,0.17561,3.59183278061641,0,"(1, 1)","((4,), (2,))"
0,155,2,0.6365,0.3635,3.2027292984938684,0,"(1, 1)","((4,), (3,))"
0,156,2,0.98306,0.01694,3.9060558326537524,0,"(1, 1)","((4,), (1,))"
0,156,2,0.8241,0.1759,3.5929222764872586,0,"(1, 1)","((4,), (2,))"
0,156,2,0.63871,0.36129,3.2002065027901785,0,"(1, 1)","((4,), (3,))"
0,157,2,0.98239,0.01761,3.9102061111846274,0,"(1, 1)","((4,), (1,))"
0,157,2,0.8261,0.1739,3.590084534019853,0,"(1, 1)","((4,), (2,))"
0,157,2,0.635,0.365,3.2035361140701593,0,"(1, 1)","((4,), (3,))"
0,158,2,0.98222,0.01778,3.9235370437688077,0,"(1, 1)","((4,), (1,))"
0,158,2,0.82553,0.17447,3.6016255818924416,0,"(1, 1)","((4,), (2,))"
0,158,2,0.63687,0.36313,3.2145677931922827,0,"(1, 1)","((4,), (3,))"
0,159,2,0.98252,0.01748,3.9219097187018797,0,"(1, 1)","((4,), (1,))"
0,159,2,0.82632,0.17368,3.600927149418301,0,"(1, 1)","((4,), (2,))"
0,159,2,0.63694,0.36306,3.213913990399113,0,"(1, 1)","((4,), (3,))"
0,160,2,0.98285,0.01715,3.911581601999229,0,"(1, 1)","((4,), (1,))"
0,160,2,0.82592,0.17408,3.6093754745236355,0,"(1, 1)","((4,), (2,))"
0,160,2,0.6382,0.3618,3.2132624181330716,0,"(1, 1)","((4,), (3,))"
0,161,2,0.98309,0.01691,3.9172507075932606,0,"(1, 1)","((4,), (1,))"
0,161,2,0.82626,0.17374,3.6061562967168226,0,"(1, 1)","((4,), (2,))"
0,161,2,0.64337,0.35663,3.2164788240893225,0,"(1, 1)","((4,), (3,))"
0,162,2,0.98252,0.01748,3.9248362658940645,0,"(1, 1)","((4,), (1,))"
0,162,2,0.82515,0.17485,3.619129409678448,0,"(1, 1)","((4,), (2,))"
0,162,2,0.63557,0.36443,3.2275883481647027,0,"(1, 1)","((4,), (3,))"
0,163,2,0.983,0.017,3.931222621468615,0,"(1, 1)","((4,), (1,))"
0,163,2,0.82719,0.17281,3.617398150635616,0,"(1, 1)","((4,), (2,))"
0,163,2,0.63517,0.36483,3.227407811285239,0,"(1, 1)","((4,), (3,))"
0,164,2,0.9826,0.0174,3.9339363850285944,0,"(1, 1)","((4,), (1,))"
0,164,2,0.82721,0.17279,3.622763463245694,0,"(1, 1)","((4,), (2,))"
0,164,2,0.64016,0.35984,3.2295185266671966,0,"(1, 1)","((4,), (3,))"
0,165,2,0.98306,0.01694,3.930292706538411,0,"(1, 1)","((4,), (1,))"
0,165,2,0.82493,0.17507,3.626267458054299,0,"(1, 1)","((4,), (2,))"
0,165,2,0.63947,0.36053,3.230934042566817,0,"(1, 1)","((4,), (3,))"
0,166,2,0.98272,0.01728,3.949012013627466,0,"(1, 1)","((4,), (1,))"
0,166,2,0.82894,0.17106,3.6301818485978026,0,"(1, 1)","((4,), (2,))"
0,166,2,0.63709,0.36291,3.239716674322352,0,"(1, 1)","((4,), (3,))"
0,167,2,0.98318,0.01682,3.9542105301748456,0,"(1, 1)","((4,), (1,))"
0,167,2,0.82894,0.17106,3.628147232968397,0,"(1, 1)","((4,), (2,))"
0,167,2,0.63753,0.36247,3.244360720814644,0,"(1, 1)","((4,), (3,))"
0,168,2,0.98252,0.01748,3.948834156079118,0,"(1, 1)","((4,), (1,))"
0,168,2,0.83138,0.16862,3.6274232800742263,0,"(1, 1)","((4,), (2,))"
0,168,2,0.63657,0.36343,3.2442157384261545,0,"(1, 1)","((4,), (3,))"
0,169,2,0.98396,0.01604,3.9413407458550274,0,"(1, 1)","((4,), (1,))"
0,169,2,0.82992,0.17008,3.6306407872039084,0,"(1, 1)","((4,), (2,))"
0,169,2,0.63894,0.36106,3.2421168440908446,0,"(1, 1)","((4,), (3,))"
0,170,2,0.98376,0.01624,3.961389765245655,0,"(1, 1)","((4,), (1,))"
0,170,2,0.82738,0.17262,3.648730444444567,0,"(1, 1)","((4,), (2,))"
0,170,2,0.63848,0.36152,3.2552424795026327,0,"(1, 1)","((4,), (3,))"
0,171,2,0.9831,0.0169,3.9621560350332556,0,"(1, 1)","((4,), (1,))"
0,171,2,0.82716,0.17284,3.647346179150118,0,"(1, 1)","((4,), (2,))"
0,171,2,0.64105,0.35895,3.2534857202673417,0,"(1, 1)","((4,), (3,))"
0,172,2,0.98397,0.01603,3.9593490038146744,0,"(1, 1)","((4,), (1,))"
0,172,2,0.82962,0.17038,3.646054775315081,0,"(1, 1)","((4,), (2,))"
0,172,2,0.63751,0.36249,3.2550371089787413,0,"(1, 1)","((4,), (3,))"
0,173,2,0.98305,0.01695,3.9580394437747386,0,"(1, 1)","((4,), (1,))"
0,173,2,0.829,0.171,3.652459891188485,0,"(1, 1)","((4,), (2,))"
0,173,2,0.64193,0.35807,3.2588370410670606,0,"(1, 1)","((4,), (3,))"
0,174,2,0.98339,0.01661,3.975432782199316,0,"(1, 1)","((4,), (1,))"
0,174,2,0.82822,0.17178,3.6591401130080117,0,"(1, 1)","((4,), (2,))"
0,174,2,0.63833,0.36167,3.2657931142484125,0,"(1, 1)","((4,), (3,))"
0,175,2,0.98335,0.01665,3.973020434646405,0,"(1, 1)","((4,), (1,))"
0,175,2,0.82779,0.17221,3.660910852237921,0,"(1, 1)","((4,), (2,))"
0,175,2,0.63761,0.36239,3.267334136418961,0,"(1, 1)","((4,), (3,))"
0,176,2,0.98369,0.01631,3.9752848937111174,0,"(1, 1)","((4,), (1,))"
0,176,2,0.82757,0.17243,3.664940964369366,0,"(1, 1)","((4,), (2,))"
0,176,2,0.64001,0.35999,3.2703801263153336,0,"(1, 1)","((4,), (3,))"
0,177,2,0.98444,0.01556,3.964653045499311,0,"(1, 1)","((4,), (1,))"
0,177,2,0.82829,0.17171,3.66496495414215,0,"(1, 1)","((4,), (2,))"
0,177,2,0.64134,0.35866,3.27070971971737,0,"(1, 1)","((4,), (3,))"
0,178,2,0.9844,0.0156,3.9882296499865,0,"(1, 1)","((4,), (1,))"
0,178,2,0.8326,0.1674,3.668764306201294,0,"(1, 1)","((4,), (2,))"
0,178,2,0.63925,0.36075,3.2766891388386545,0,"(1, 1)","((4,), (3,))"
0,179,2,0.98368,0.01632,3.9862899723126834,0,"(1, 1)","((4,), (1,))"
0,179,2,0.83018,0.16982,3.675438911138268,0,"(1, 1)","((4,), (2,))"
0,179,2,0.64088,0.35912,3.280989313660833,0,"(1, 1)","((4,), (3,))"
0,180,2,0.98434,0.01566,3.9799843755038635,0,"(1, 1)","((4,), (1,))"
0,180,2,0.83198,0.16802,3.675666146272601,0,"(1, 1)","((4,), (2,))"
0,180,2,0.63776,0.36224,3.2824945459789485,0,"(1, 1)","((4,), (3,))"
0,181,2,0.98458,0.01542,3.978844233942027,0,"(1, 1)","((4,), (1,))"
0,181,2,0.82996,0.17004,3.6765461757696385,0,"(1, 1)","((4,), (2,))"
0,181,2,0.64107,0.35893,3.281816641914342,0,"(1, 1)","((4,), (3,))"
0,182,2,0.98463,0.01537,3.9973098035486667,0,"(1, 1)","((4,), (1,))"
0,182,2,0.82945,0.17055,3.69115912948746,0,"(1, 1)","((4,), (2,))"
0,182,2,0.63984,0.36016,3.291970352348982,0,"(1, 1)","((4,), (3,))"
0,183,2,0.9835,0.0165,3.9961036410372497,0,"(1, 1)","((4,), (1,))"
0,183,2,0.82962,0.17038,3.6867934798876014,0,"(1, 1)","((4,), (2,))"
0,183,2,0.6429,0.3571,3.2915020338241634,0,"(1, 1)","((4,), (3,))"
0,184,2,0.98444,0.01556,3.9908459577866724,0,"(1, 1)","((4,), (1,))"
0,184,2,0.83384,0.16616,3.6869569615391304,0,"(1, 1)","((4,), (2,))"
0,184,2,0.63871,0.36129,3.2943620101785984,0,"(1, 1)","((4,), (3,))"
0,185,2,0.98473,0.01527,3.993894393509931,0,"(1, 1)","((4,), (1,))"
0,185,2,0.82884,0.17116,3.6954882277636325,0,"(1, 1)","((4,), (2,))"
0,185,2,0.64192,0.35808,3.2970668368589253,0,"(1, 1)","((4,), (3,))"
0,186,2,0.98444,0.01556,4.008273587686018,0,"(1, 1)","((4,), (1,))"
0,186,2,0.8319,0.1681,3.6957249737091393,0,"(1, 1)","((4,), (2,))"
0,186,2,0.64094,0.35906,3.3025791891628113,0,"(1, 1)","((4,), (3,))"
0,187,2,0.98502,0.01498,4.010021954130043,0,"(1, 1)","((4,), (1,))"
0,187,2,0.83321,0.16679,3.6980401468814765,0,"(1, 1)","((4,), (2,))"
0,187,2,0.64041,0.35959,3.3034120602097126,0,"(1, 1)","((4,), (3,))"
0,188,2,0.98463,0.01537,4.0113732403131745,0,"(1, 1)","((4,), (1,))"
0,188,2,0.83009,0.16991,3.7079619864142934,0,"(1, 1)","((4,), (2,))"
0,188,2,0.64298,0.35702,3.3069254693462007,0,"(1, 1)","((4,), (3,))"
0,189,2,0.98458,0.01542,4.013049102321727,0,"(1, 1)","((4,), (1,))"
0,189,2,0.83349,0.16651,3.701064905940449,0,"(1, 1)","((4,), (2,))"
0,189,2,0.64418,0.35582,3.306001623687599,0,"(1, 1)","((4,), (3,))"
0,190,2,0.98455,0.01545,4.024309733206755,0,"(1, 1)","((4,), (1,))"
0,190,2,0.83328,0.16672,3.7047415882156174,0,"(1, 1)","((4,), (2,))"
0,190,2,0.64203,0.35797,3.3141201591090055,0,"(1, 1)","((4,), (3,))"
0,191,2,0.9849,0.0151,4.01202479462731,0,"(1, 1)","((4,), (1,))"
0,191,2,0.8329,0.1671,3.7109048258377686,0,"(1, 1)","((4,), (2,))"
0,191,2,0.63909,0.36091,3.3202308643251244,0,"(1, 1)","((4,), (3,))"
0,192,2,0.98507,0.01493,4.017957177505205,0,"(1, 1)","((4,), (1,))"
0,192,2,0.83434,0.16566,3.7117746594516787,0,"(1, 1)","((4,), (2,))"
0,192,2,0.64248,0.35752,3.3188245440121236,0,"(1, 1)","((4,), (3,))"
0,193,2,0.98423,0.01577,4.02242786163101,0,"(1, 1)","((4,), (1,))"
0,193,2,0.83449,0.16551,3.7126720658085763,0,"(1, 1)","((4,), (2,))"
0,193,2,0.64239,0.35761,3.3168900230182534,0,"(1, 1)","((4,), (3,))"
0,194,2,0.98522,0.01478,4.024363563853073,0,"(1, 1)","((4,), (1,))"
0,194,2,0.83367,0.16633,3.723505822331303,0,"(1, 1)","((4,), (2,))"
0,194,2,0.64355,0.35645,3.3279706999699097,0,"(1, 1)","((4,), (3,))"
0,195,2,0.98526,0.01474,4.020925386718796,0,"(1, 1)","((4,), (1,))"
0,195,2,0.83354,0.16646,3.7187839911016454,0,"(1, 1)","((4,), (2,))"
0,195,2,0.64445,0.35555,3.3270567271571805,0,"(1, 1)","((4,), (3,))"
0,196,2,0.98578,0.01422,4.03137085691565,0,"(1, 1)","((4,), (1,))"
0,196,2,0.83332,0.16668,3.7284027494650287,0,"(1, 1)","((4,), (2,))"
0,196,2,0.63926,0.36074,3.3303143239087643,0,"(1, 1)","((4,), (3,))"
0,197,2,0.98579,0.01421,4.025743803800265,0,"(1, 1)","((4,), (1,))"
0,197,2,0.83121,0.16879,3.72899680012808,0,"(1, 1)","((4,), (2,))"
0,197,2,0.64562,0.35438,3.3309894439028382,0,"(1, 1)","((4,), (3,))"
0,198,2,0.98521,0.01479,4.042439600563639,0,"(1, 1)","((4,), (1,))"
0,198,2,0.83548,0.16452,3.7336349756866483,0,"(1, 1)","((4,), (2,))"
0,198,2,0.64161,0.35839,3.339246279805015,0,"(1, 1)","((4,), (3,))"
0,199,2,0.98524,0.01476,4.042881271434327,0,"(1, 1)","((4,), (1,))"
0,199,2,0.83392,0.16608,3.7401371416405294,0,"(1, 1)","((4,), (2,))"
0,199,2,0.64137,0.35863,3.3391695804852866,0,"(1, 1)","((4,), (3,))"
0,200,2,0.98505,0.01495,4.034975168872028,0,"(1, 1)","((4,), (1,))"
0,200,2,0.8364,0.1636,3.737329281171327,0,"(1, 1)","((4,), (2,))"
0,200,2,0.64581,0.35419,3.342109416776785,0,"(1, 1)","((4,), (3,))"